"","time","long","lat","fh","sst"
"1","2017-01-01",-120,32,0.5775,20.1224999427795
"2","2017-01-01",-119,32,8.06513888888889,20.2399997711182
"3","2017-01-01",-119,33,14.6555555555556,19.6574997901917
"4","2017-01-01",-118,33,2.57569444444444,19.7849998474121
"5","2017-01-01",-119,34,5.44638888888889,19.0774998664856
"6","2017-01-01",-123,36,2.205,17.8200001716614
"7","2017-01-01",-122,36,0.866805555555556,17.835000038147
"8","2017-01-01",-125,40,22.1290277777778,11.3024997711182
"9","2017-01-01",-125,41,2.55458333333333,10.4624998569489
"10","2017-01-01",-125,42,7.74888888888889,10.5724999904633
"11","2017-01-01",-126,43,0.616666666666667,8.79500007629395
"12","2017-01-01",-125,43,73.9759722222222,10.5525000095367
"13","2017-01-01",-125,46,23.8159722222222,6.14499992132187
"14","2017-01-01",-125,47,14.0866666666667,6.38499999046326
"15","2017-01-08",-120,32,9.81611111111111,20.2825002670288
"16","2017-01-08",-119,32,73.5348611111111,20.3699998855591
"17","2017-01-08",-119,33,12.1529166666667,19.7825002670288
"18","2017-01-08",-118,33,0.261666666666667,19.8774995803833
"19","2017-01-08",-121,34,17.6451388888889,19.0949993133545
"20","2017-01-08",-120,34,3.59486111111111,19.1199998855591
"21","2017-01-08",-123,36,5.92375,17.8875002861023
"22","2017-01-08",-122,36,2.385,17.9675002098083
"23","2017-01-08",-123,37,5.28680555555556,17.2800002098083
"24","2017-01-08",-125,40,14.0619444444444,10.5675001144409
"25","2017-01-08",-125,41,3.36152777777778,9.76500010490417
"26","2017-01-08",-125,42,40.36375,10.0800001621246
"27","2017-01-08",-125,43,142.226111111111,10.2625000476837
"28","2017-01-08",-125,44,188.466111111111,9.22000002861023
"29","2017-01-08",-125,45,187.876527777778,7.36750000715256
"30","2017-01-08",-125,46,643.012361111111,6.18499994277954
"31","2017-01-08",-124,46,16.0265277777778,10.6074998378754
"32","2017-01-08",-125,47,46.6561111111111,6.38249999284744
"33","2017-01-08",-126,48,3.78861111111111,3.42750003933907
"34","2017-01-15",-120,33,1.56861111111111,19.3575000762939
"35","2017-01-15",-119,33,0.903472222222222,19.4325003623962
"36","2017-01-15",-118,33,4.28402777777778,19.5300006866455
"37","2017-01-15",-121,34,30.0720833333333,18.7699995040894
"38","2017-01-15",-120,34,0.724166666666667,18.7925000190735
"39","2017-01-15",-119,34,1.28236111111111,18.8600006103516
"40","2017-01-15",-123,36,13.7847222222222,17.5499997138977
"41","2017-01-15",-122,36,8.08263888888889,17.6624999046326
"42","2017-01-15",-124,37,6.86680555555556,16.0550003051758
"43","2017-01-15",-123,37,44.9241666666667,16.9549999237061
"44","2017-01-15",-124,38,39.5822222222222,15.2550001144409
"45","2017-01-15",-125,40,194.793472222222,9.82249999046326
"46","2017-01-15",-126,41,3.76291666666667,8.48250007629395
"47","2017-01-15",-125,41,119.820277777778,8.97500014305115
"48","2017-01-15",-125,42,224.986388888889,9.38499999046326
"49","2017-01-15",-126,43,0.351527777777778,8.01499998569489
"50","2017-01-15",-125,43,340.850416666667,9.74249982833862
"51","2017-01-15",-126,44,5.42319444444444,5.80499988794327
"52","2017-01-15",-125,44,572.883055555556,8.875
"53","2017-01-15",-125,45,273.636666666667,7.13000005483627
"54","2017-01-15",-126,46,1.82541666666667,1.68499997258186
"55","2017-01-15",-125,46,1093.95236111111,5.99999994039536
"56","2017-01-15",-124,46,13.1843055555556,10.4124999046326
"57","2017-01-15",-126,47,23.0309722222222,2.09499995410442
"58","2017-01-15",-125,47,55.5493055555556,6.2024998664856
"59","2017-01-15",-126,48,71.05875,3.26500001549721
"60","2017-01-22",-120,31,1.84736111111111,20.5050001144409
"61","2017-01-22",-119,33,1.90388888888889,19.3775000572205
"62","2017-01-22",-118,33,1.31930555555556,19.4074997901917
"63","2017-01-22",-121,34,11.7613888888889,18.7574996948242
"64","2017-01-22",-123,36,1.03291666666667,17.4674997329712
"65","2017-01-22",-122,36,2.67402777777778,17.6024994850159
"66","2017-01-22",-123,37,5.13375,16.8624997138977
"67","2017-01-22",-124,38,3.12263888888889,15.2174997329712
"68","2017-01-22",-125,40,18.0866666666667,9.99499988555908
"69","2017-01-22",-125,41,1.81833333333333,9.0774998664856
"70","2017-01-22",-125,42,78.2418055555556,9.37999987602234
"71","2017-01-22",-125,43,121.043194444444,9.66000008583069
"72","2017-01-22",-125,44,117.203055555556,8.71000015735626
"73","2017-01-22",-125,45,144.429444444444,6.90749996900558
"74","2017-01-22",-125,46,453.510277777778,5.74499994516373
"75","2017-01-22",-124,46,4.84097222222222,10.1849999427795
"76","2017-01-22",-126,47,25.4322222222222,1.79999995231628
"77","2017-01-22",-125,47,78.0020833333333,5.94249999523163
"78","2017-01-22",-126,48,89.8180555555556,2.98749998211861
"79","2017-01-22",-125,48,1.20041666666667,6.62000000476837
"80","2017-01-29",-119,32,79.69,20.0749998092651
"81","2017-01-29",-120,33,23.4563888888889,19.5425000190735
"82","2017-01-29",-119,33,24.4409722222222,19.4949998855591
"83","2017-01-29",-118,33,9.33083333333333,19.4400005340576
"84","2017-01-29",-121,34,31.8402777777778,18.9950003623962
"85","2017-01-29",-122,36,8.0075,17.8299999237061
"86","2017-01-29",-123,37,91.4454166666667,17.0275001525879
"87","2017-01-29",-124,38,11.1436111111111,15.1699998378754
"88","2017-01-29",-125,40,154.560416666667,9.39250004291534
"89","2017-01-29",-126,41,7.35847222222222,7.82999992370605
"90","2017-01-29",-125,41,79.1543055555556,8.42500007152557
"91","2017-01-29",-125,42,247.677916666667,8.8050000667572
"92","2017-01-29",-125,43,263.85,9.26749992370605
"93","2017-01-29",-126,44,0.869722222222222,5.15999993681908
"94","2017-01-29",-125,44,299.233472222222,8.44999980926514
"95","2017-01-29",-125,45,485.239722222222,6.67499983310699
"96","2017-01-29",-125,46,804.90625,5.51000002026558
"97","2017-01-29",-124,46,12.91125,10.1974999904633
"98","2017-01-29",-126,47,64.0829166666667,1.39249997586012
"99","2017-01-29",-125,47,168.42,5.73250004649162
"100","2017-01-29",-126,48,67.8994444444444,2.62999995052814
"101","2017-01-29",-125,48,10.0802777777778,6.44749993085861
"102","2017-02-05",-121,32,0.949583333333333,19.8850002288818
"103","2017-02-05",-119,33,25.0876388888889,19.2849998474121
"104","2017-02-05",-118,33,3.84833333333333,19.2474999427795
"105","2017-02-05",-121,34,17.9011111111111,18.7300004959106
"106","2017-02-05",-123,37,0.853611111111111,16.7649998664856
"107","2017-02-05",-125,39,1.30555555555556,11.3800001144409
"108","2017-02-05",-124,39,2.86,13.9049999713898
"109","2017-02-05",-125,40,24.3205555555556,9.78500008583069
"110","2017-02-05",-125,41,1.73833333333333,8.84500002861023
"111","2017-02-05",-125,42,2.57472222222222,9.09500002861023
"112","2017-02-05",-126,43,2.95652777777778,7.5974999666214
"113","2017-02-05",-125,43,157.114027777778,9.38250005245209
"114","2017-02-05",-125,44,114.796527777778,8.42750012874603
"115","2017-02-05",-125,45,251.966944444444,6.60000014305115
"116","2017-02-05",-125,46,363.24625,5.42750003933907
"117","2017-02-05",-124,46,7.56069444444444,10.0075001716614
"118","2017-02-05",-126,47,28.57125,1.37999998778105
"119","2017-02-05",-125,47,139.311527777778,5.64499995112419
"120","2017-02-05",-126,48,18.0298611111111,2.62250001728535
"121","2017-02-05",-125,48,2.47902777777778,6.36000007390976
"122","2017-02-12",-120,33,3.38069444444444,19.289999961853
"123","2017-02-12",-119,33,15.57875,19.3400001525879
"124","2017-02-12",-118,33,1.53305555555556,19.3674998283386
"125","2017-02-12",-121,34,39.0333333333333,18.6499996185303
"126","2017-02-12",-120,34,8.99416666666667,18.7149996757507
"127","2017-02-12",-123,36,4.54611111111111,17.1800003051758
"128","2017-02-12",-122,36,9.54958333333333,17.4250001907349
"129","2017-02-12",-124,37,4.68458333333333,15.5824999809265
"130","2017-02-12",-123,37,93.8988888888889,16.585000038147
"131","2017-02-12",-125,39,7.25833333333333,11.1299998760223
"132","2017-02-12",-124,39,13.3584722222222,13.6949999332428
"133","2017-02-12",-125,40,56.3884722222222,9.52250003814697
"134","2017-02-12",-125,41,35.0983333333333,8.5475001335144
"135","2017-02-12",-125,42,41.28875,8.78750014305115
"136","2017-02-12",-126,43,9.36402777777778,7.25500011444092
"137","2017-02-12",-125,43,170.114583333333,9.12000012397766
"138","2017-02-12",-125,44,139.546944444444,8.20000004768372
"139","2017-02-12",-125,45,318.717222222222,6.38249999284744
"140","2017-02-12",-125,46,349.265694444444,5.21999999880791
"141","2017-02-12",-124,46,7.43208333333333,9.86500000953674
"142","2017-02-12",-126,47,31.5031944444444,1.1649999730289
"143","2017-02-12",-125,47,106.110138888889,5.46499988436699
"144","2017-02-12",-126,48,34.0193055555556,2.4349999986589
"145","2017-02-12",-125,48,15.0458333333333,6.2049999833107
"146","2017-02-19",-119,33,13.7652777777778,19.6000003814697
"147","2017-02-19",-118,33,3.15805555555556,19.5125002861023
"148","2017-02-19",-121,34,1.99902777777778,19.0999994277954
"149","2017-02-19",-123,36,0.420833333333333,17.5700001716614
"150","2017-02-19",-123,37,2.44805555555556,16.9574999809265
"151","2017-02-19",-125,40,2.2125,9.56499981880188
"152","2017-02-19",-126,43,0.697361111111111,7.46250009536743
"153","2017-02-19",-125,43,44.9016666666667,9.28249990940094
"154","2017-02-19",-125,44,160.547777777778,8.33000004291534
"155","2017-02-19",-125,45,360.183194444444,6.48250007629395
"156","2017-02-19",-125,46,329.251805555556,5.28499999642372
"157","2017-02-19",-124,46,8.93166666666667,10.0150001049042
"158","2017-02-19",-126,47,43.31,1.13249997515231
"159","2017-02-19",-125,47,83.7986111111111,5.5050000846386
"160","2017-02-19",-126,48,40.5693055555556,2.41249991673976
"161","2017-02-19",-125,48,71.1444444444444,6.24500006437302
"162","2017-02-26",-120,33,3.195,19.1474995613098
"163","2017-02-26",-119,33,14.0626388888889,19.1849994659424
"164","2017-02-26",-118,33,9.04361111111111,19.2074999809265
"165","2017-02-26",-123,36,7.54041666666667,16.9349999427795
"166","2017-02-26",-122,36,11.7181944444444,17.2425003051758
"167","2017-02-26",-123,37,67.36375,16.3449995517731
"168","2017-02-26",-125,40,76.9390277777778,9.3274998664856
"169","2017-02-26",-126,41,11.4584722222222,7.91250002384186
"170","2017-02-26",-125,41,80.9709722222222,8.38999998569489
"171","2017-02-26",-125,42,57.3481944444444,8.68500006198883
"172","2017-02-26",-125,43,250.541805555556,9.01250004768372
"173","2017-02-26",-125,44,369.185,8.11749994754791
"174","2017-02-26",-125,45,481.848333333333,6.36249989271164
"175","2017-02-26",-125,46,411.104027777778,5.24249991774559
"176","2017-02-26",-124,46,6.24222222222222,9.68249988555908
"177","2017-02-26",-126,47,44.3229166666667,1.37250002473593
"178","2017-02-26",-125,47,60.0794444444444,5.45749995112419
"179","2017-02-26",-126,48,30.6036111111111,2.56499996781349
"180","2017-02-26",-125,48,24.9669444444444,6.12999993562698
"181","2017-03-05",-120,32,8.12541666666667,20.25
"182","2017-03-05",-120,33,26.4502777777778,19.6599998474121
"183","2017-03-05",-119,33,40.3141666666667,19.6000003814697
"184","2017-03-05",-118,33,15.0438888888889,19.5550003051758
"185","2017-03-05",-120,34,4.09944444444444,19.0699996948242
"186","2017-03-05",-123,36,6.65263888888889,17.6399998664856
"187","2017-03-05",-124,37,8.76930555555556,15.9375
"188","2017-03-05",-123,37,94.2341666666667,17.0224995613098
"189","2017-03-05",-124,38,9.93708333333333,15.1124997138977
"190","2017-03-05",-125,40,22.7390277777778,9.3824999332428
"191","2017-03-05",-125,41,28.3302777777778,8.40249991416931
"192","2017-03-05",-125,42,88.2990277777778,8.79749989509583
"193","2017-03-05",-125,43,39.2786111111111,9.26500010490417
"194","2017-03-05",-125,44,111.3575,8.47750020027161
"195","2017-03-05",-125,45,211.655138888889,6.77500015497208
"196","2017-03-05",-125,46,151.234166666667,5.67000007629395
"197","2017-03-05",-124,46,0.816805555555556,10.1400001049042
"198","2017-03-05",-126,47,37.6191666666667,1.81500004604459
"199","2017-03-05",-125,47,57.3675,5.8649999499321
"200","2017-03-05",-126,48,49.3627777777778,2.96500012278557
"201","2017-03-05",-125,48,75.0036111111111,6.5
"202","2017-03-12",-120,33,14.1820833333333,20.0900001525879
"203","2017-03-12",-119,33,56.9345833333333,19.9749999046326
"204","2017-03-12",-118,33,21.9698611111111,19.8424997329712
"205","2017-03-12",-121,34,52.5786111111111,19.5450000762939
"206","2017-03-12",-120,34,2.59541666666667,19.4924998283386
"207","2017-03-12",-122,35,25.6805555555556,18.8924999237061
"208","2017-03-12",-123,36,18.8338888888889,17.9725003242493
"209","2017-03-12",-122,36,5.33875,18.3000001907349
"210","2017-03-12",-123,37,60.3543055555556,17.3575000762939
"211","2017-03-12",-126,40,1.06652777777778,8.30749988555908
"212","2017-03-12",-125,40,63.6825,9.26749992370605
"213","2017-03-12",-125,41,25.0506944444444,8.2224999666214
"214","2017-03-12",-125,42,46.9275,8.64749991893768
"215","2017-03-12",-125,43,201.555972222222,9.21999979019165
"216","2017-03-12",-126,44,1.20833333333333,5.33249992132187
"217","2017-03-12",-125,44,224.182916666667,8.52249979972839
"218","2017-03-12",-125,45,280.698888888889,6.86250001192093
"219","2017-03-12",-126,46,13.4395833333333,1.43000003695488
"220","2017-03-12",-125,46,169.078194444444,5.78500008583069
"221","2017-03-12",-124,46,3.61583333333333,10.3624999523163
"222","2017-03-12",-126,47,78.2316666666667,1.91500000655651
"223","2017-03-12",-125,47,13.5370833333333,5.99499994516373
"224","2017-03-12",-126,48,76.7443055555556,3.06999999284744
"225","2017-03-12",-125,48,8.10958333333333,6.62749993801117
"226","2017-03-19",-120,33,14.56875,20.1549997329712
"227","2017-03-19",-119,33,44.0919444444444,20.1899995803833
"228","2017-03-19",-118,33,16.7109722222222,20.1774997711182
"229","2017-03-19",-121,34,10.1598611111111,19.4774994850159
"230","2017-03-19",-120,34,7.99680555555556,19.5649995803833
"231","2017-03-19",-123,35,3.43472222222222,18.4425005912781
"232","2017-03-19",-122,35,79.0765277777778,18.7475004196167
"233","2017-03-19",-123,36,12.2255555555556,17.8450002670288
"234","2017-03-19",-122,36,6.34791666666667,18.1650004386902
"235","2017-03-19",-124,37,14.5590277777778,16.2049996852875
"236","2017-03-19",-123,37,48.5666666666667,17.2424998283386
"237","2017-03-19",-124,38,1.74555555555556,15.4225001335144
"238","2017-03-19",-125,40,19.3561111111111,10.0074999332428
"239","2017-03-19",-125,41,2.38347222222222,9.03999996185303
"240","2017-03-19",-125,42,84.9856944444444,9.37249994277954
"241","2017-03-19",-125,43,50.1176388888889,9.76249980926514
"242","2017-03-19",-125,44,189.631666666667,8.96999979019165
"243","2017-03-19",-125,45,233.465277777778,7.32749998569489
"244","2017-03-19",-126,46,16.9834722222222,2.17500001192093
"245","2017-03-19",-125,46,189.402222222222,6.26999992132187
"246","2017-03-19",-124,46,5.50472222222222,10.5174999237061
"247","2017-03-19",-126,47,182.389722222222,2.62749999761581
"248","2017-03-19",-125,47,114.805277777778,6.44999986886978
"249","2017-03-19",-126,48,115.908472222222,3.72500002384186
"250","2017-03-19",-125,48,28.2808333333333,7.03999996185303
"251","2017-03-26",-120,33,7.64597222222222,21.0200004577637
"252","2017-03-26",-119,33,25.7166666666667,20.9275002479553
"253","2017-03-26",-118,33,17.8734722222222,20.8249998092651
"254","2017-03-26",-120,34,3.09805555555556,20.3999996185303
"255","2017-03-26",-123,36,4.68513888888889,18.914999961853
"256","2017-03-26",-122,36,7.61875,19.164999961853
"257","2017-03-26",-124,37,3.395,17.2499995231628
"258","2017-03-26",-123,37,20.41125,18.2724995613098
"259","2017-03-26",-126,40,1.35458333333333,9.75500011444092
"260","2017-03-26",-125,40,38.2463888888889,10.6375000476837
"261","2017-03-26",-125,41,42.0981944444444,9.61749982833862
"262","2017-03-26",-125,42,38.6058333333333,9.99249982833862
"263","2017-03-26",-125,43,75.5898611111111,10.5099999904633
"264","2017-03-26",-126,44,2.91208333333333,7.23250007629395
"265","2017-03-26",-125,44,157.281666666667,9.94750010967255
"266","2017-03-26",-125,45,61.4625,8.57000005245209
"267","2017-03-26",-125,46,75.1991666666667,7.67250001430511
"268","2017-03-26",-126,47,73.3411111111111,4.59249991178513
"269","2017-03-26",-125,47,54.8994444444444,7.76499998569489
"270","2017-03-26",-126,48,10.5293055555556,5.33000004291534
"271","2017-04-02",-119,32,0.449583333333333,21.5599999427795
"272","2017-04-02",-120,33,5.51652777777778,20.9875001907349
"273","2017-04-02",-119,33,23.7286111111111,20.9400000572205
"274","2017-04-02",-118,33,6.29680555555556,20.8849997520447
"275","2017-04-02",-120,34,1.30930555555556,20.3725004196167
"276","2017-04-02",-122,35,3.38263888888889,19.7224998474121
"277","2017-04-02",-123,36,1.91694444444444,18.8750004768372
"278","2017-04-02",-122,36,8.57263888888889,19.1100001335144
"279","2017-04-02",-125,43,88.9570833333333,11.0924999713898
"280","2017-04-02",-126,44,1.23847222222222,8.33000004291534
"281","2017-04-02",-125,44,125.526388888889,10.602499961853
"282","2017-04-02",-125,45,115.361388888889,9.44749999046326
"283","2017-04-02",-125,46,209.242361111111,8.71000003814697
"284","2017-04-02",-124,46,0.604305555555556,11.6725001335144
"285","2017-04-02",-126,47,41.7393055555556,6.3199999332428
"286","2017-04-02",-125,47,47.6184722222222,8.72000002861023
"287","2017-04-02",-126,48,3.72625,6.73749995231628
"288","2017-04-02",-125,48,5.09125,8.84249997138977
"289","2017-04-02",-120,33,7.68930555555556,20.9875001907349
"290","2017-04-02",-119,33,31.0759722222222,20.9400000572205
"291","2017-04-02",-118,33,7.13527777777778,20.8849997520447
"292","2017-04-02",-121,34,11.4051388888889,20.3900003433228
"293","2017-04-02",-120,34,2.37666666666667,20.3725004196167
"294","2017-04-02",-123,35,8.08861111111111,19.5050001144409
"295","2017-04-02",-122,35,86.5965277777778,19.7224998474121
"296","2017-04-02",-123,36,17.8352777777778,18.8750004768372
"297","2017-04-02",-122,36,27.1247222222222,19.1100001335144
"298","2017-04-02",-123,37,69.5881944444444,18.2424998283386
"299","2017-04-02",-125,40,18.8084722222222,11.3425002098083
"300","2017-04-02",-125,41,6.29916666666667,10.4075002670288
"301","2017-04-02",-125,42,10.8570833333333,10.6875
"302","2017-04-02",-125,43,199.735277777778,11.0924999713898
"303","2017-04-02",-126,44,2.43222222222222,8.33000004291534
"304","2017-04-02",-125,44,71.2958333333333,10.602499961853
"305","2017-04-02",-125,45,176.37375,9.44749999046326
"306","2017-04-02",-125,46,154.744166666667,8.71000003814697
"307","2017-04-02",-124,46,2.62041666666667,11.6725001335144
"308","2017-04-02",-126,47,62.8113888888889,6.3199999332428
"309","2017-04-02",-125,47,81.4426388888889,8.72000002861023
"310","2017-04-02",-126,48,19.3622222222222,6.73749995231628
"311","2017-04-02",-125,48,0.529861111111111,8.84249997138977
"312","2017-04-09",-120,33,5.11986111111111,21.8000001907349
"313","2017-04-09",-119,33,28.6059722222222,21.6275000572205
"314","2017-04-09",-118,33,15.5427777777778,21.4624996185303
"315","2017-04-09",-121,34,44.1404166666667,21.2649998664856
"316","2017-04-09",-120,34,7.61861111111111,21.1599998474121
"317","2017-04-09",-122,35,6.22847222222222,20.6124997138977
"318","2017-04-09",-123,36,25.6452777777778,19.7399997711182
"319","2017-04-09",-122,36,25.6651388888889,19.9775004386902
"320","2017-04-09",-123,37,37.3005555555556,19.085000038147
"321","2017-04-09",-125,38,12.2002777777778,15.2974998950958
"322","2017-04-09",-124,38,45.8838888888889,17.3625001907349
"323","2017-04-09",-125,39,23.6711111111111,13.9674999713898
"324","2017-04-09",-125,41,36.1209722222222,11.3500001430511
"325","2017-04-09",-125,42,92.0695833333333,11.6124999523163
"326","2017-04-09",-125,43,18.1868055555556,12.0024998188019
"327","2017-04-09",-126,44,7.43541666666667,9.68499994277954
"328","2017-04-09",-125,44,110.22625,11.6374998092651
"329","2017-04-09",-125,45,78.6752777777778,10.7024998664856
"330","2017-04-09",-125,46,39.0019444444444,10.0999999046326
"331","2017-04-09",-124,46,5.01861111111111,12.4700000286102
"332","2017-04-09",-126,47,39.3244444444444,8.25499987602234
"333","2017-04-09",-125,47,7.12375,10.0124998092651
"334","2017-04-09",-126,48,18.9979166666667,8.35999989509583
"335","2017-04-16",-119,32,8.18486111111111,22.9524998664856
"336","2017-04-16",-119,33,44.1240277777778,22.2925000190735
"337","2017-04-16",-118,33,11.1270833333333,22.0224995613098
"338","2017-04-16",-121,34,16.5847222222222,22.1349992752075
"339","2017-04-16",-120,34,5.83708333333333,21.9124999046326
"340","2017-04-16",-119,34,0.0958333333333333,21.6300001144409
"341","2017-04-16",-122,35,26.2933333333333,21.552499294281
"342","2017-04-16",-123,36,27.8573611111111,20.710000038147
"343","2017-04-16",-122,36,16.8047222222222,20.8824996948242
"344","2017-04-16",-124,37,1.98847222222222,19.0899996757507
"345","2017-04-16",-123,37,72.3020833333333,20.0125002861023
"346","2017-04-16",-125,38,9.07388888888889,15.9300000667572
"347","2017-04-16",-124,38,19.3001388888889,18.2199997901917
"348","2017-04-16",-125,39,59.4279166666667,14.6124999523163
"349","2017-04-16",-125,40,32.4176388888889,12.8949999809265
"350","2017-04-16",-125,41,50.0288888888889,11.9549999237061
"351","2017-04-16",-125,42,143.552638888889,12.2174999713898
"352","2017-04-16",-126,43,2.28666666666667,11.3000001907349
"353","2017-04-16",-125,43,127.330277777778,12.7200000286102
"354","2017-04-16",-125,44,244.061111111111,12.602499961853
"355","2017-04-16",-125,45,147.390694444444,11.9824998378754
"356","2017-04-16",-126,46,15.3226388888889,10.1449999809265
"357","2017-04-16",-125,46,303.085972222222,11.5574998855591
"358","2017-04-16",-124,46,4.00388888888889,13.2874999046326
"359","2017-04-16",-126,47,200.453333333333,10.3424999713898
"360","2017-04-16",-125,47,197.91375,11.3499999046326
"361","2017-04-16",-126,48,97.2526388888889,10.0574998855591
"362","2017-04-16",-125,48,7.52597222222222,10.9599997997284
"363","2017-04-23",-119,32,4.42263888888889,23.2999997138977
"364","2017-04-23",-119,33,90.6720833333333,22.6300001144409
"365","2017-04-23",-118,33,15.1509722222222,22.3199996948242
"366","2017-04-23",-120,34,6.80041666666667,22.2475004196167
"367","2017-04-23",-119,34,0.390694444444444,21.960000038147
"368","2017-04-23",-123,36,24.59625,20.9025001525879
"369","2017-04-23",-122,36,62.5825,21.1149997711182
"370","2017-04-23",-123,37,69.3583333333333,20.2074999809265
"371","2017-04-23",-124,38,0.0793055555555556,18.5075001716614
"372","2017-04-23",-125,39,18.1291666666667,15.2499997615814
"373","2017-04-23",-126,40,6.32847222222222,12.8099999427795
"374","2017-04-23",-125,40,39.0363888888889,13.6424999237061
"375","2017-04-23",-125,41,23.6168055555556,12.7474999427795
"376","2017-04-23",-125,42,111.708611111111,12.875
"377","2017-04-23",-126,43,1.10805555555556,11.8849999904633
"378","2017-04-23",-125,43,152.104305555556,13.2275002002716
"379","2017-04-23",-126,44,0.459861111111111,11.6849999427795
"380","2017-04-23",-125,44,151.321666666667,13.1000001430511
"381","2017-04-23",-125,45,51.8098611111111,12.6050000190735
"382","2017-04-23",-125,46,189.647777777778,12.2449998855591
"383","2017-04-23",-124,46,0.237638888888889,13.539999961853
"384","2017-04-23",-126,47,43.2604166666667,11.3899998664856
"385","2017-04-23",-125,47,109.901944444444,11.9649999141693
"386","2017-04-23",-126,48,53.9325,10.9249999523163
"387","2017-04-30",-119,33,55.7652777777778,23.6600003242493
"388","2017-04-30",-118,33,14.3886111111111,23.2674999237061
"389","2017-04-30",-121,34,47.81125,23.5624995231628
"390","2017-04-30",-120,34,8.44638888888889,23.3224997520447
"391","2017-04-30",-119,34,13.7429166666667,22.9725003242493
"392","2017-04-30",-123,36,23.2215277777778,22.125
"393","2017-04-30",-122,36,80.6284722222222,22.2575001716614
"394","2017-04-30",-123,37,11.215,21.4124994277954
"395","2017-04-30",-125,40,12.4413888888889,15.4875001907349
"396","2017-04-30",-126,41,8.63083333333333,13.9250001907349
"397","2017-04-30",-125,41,57.0875,14.4500000476837
"398","2017-04-30",-125,42,42.7986111111111,14.4375002384186
"399","2017-04-30",-125,43,251.925972222222,14.7350001335144
"400","2017-04-30",-126,44,64.9390277777778,13.6350002288818
"401","2017-04-30",-125,44,382.944722222222,14.6725001335144
"402","2017-04-30",-125,45,308.951944444444,14.3475000858307
"403","2017-04-30",-126,46,8.49763888888889,13.6975002288818
"404","2017-04-30",-125,46,339.663333333333,14.0824999809265
"405","2017-04-30",-124,46,0.625694444444444,14.7849998474121
"406","2017-04-30",-126,47,18.83125,13.7000000476837
"407","2017-04-30",-125,47,216.918888888889,13.6974999904633
"408","2017-04-30",-126,48,63.9008333333333,12.9599997997284
"409","2017-04-30",-125,48,10.7177777777778,12.9749999046326
"410","2017-05-07",-119,32,3.04027777777778,24.6300001144409
"411","2017-05-07",-121,33,0.883194444444444,24.5650000572205
"412","2017-05-07",-119,33,33.5973611111111,23.9425001144409
"413","2017-05-07",-118,33,4.54819444444444,23.5699996948242
"414","2017-05-07",-121,34,13.6558333333333,23.8650002479553
"415","2017-05-07",-120,34,10.2654166666667,23.6075005531311
"416","2017-05-07",-119,34,22.9740277777778,23.2550001144409
"417","2017-05-07",-123,36,19.9920833333333,22.5574998855591
"418","2017-05-07",-122,36,39.3679166666667,22.5949997901917
"419","2017-05-07",-123,37,41.8165277777778,21.8550000190735
"420","2017-05-07",-125,40,2.54611111111111,17.1150000095367
"421","2017-05-07",-126,42,1.36458333333333,15.2599999904633
"422","2017-05-07",-125,42,58.0515277777778,15.9149997234344
"423","2017-05-07",-125,43,81.1572222222222,16.0224997997284
"424","2017-05-07",-126,44,3.63902777777778,15.3224999904633
"425","2017-05-07",-125,44,267.832083333333,15.9075000286102
"426","2017-05-07",-125,45,403.337361111111,15.6825001239777
"427","2017-05-07",-126,46,16.5041666666667,15.6924998760223
"428","2017-05-07",-125,46,555.635416666667,15.4725000858307
"429","2017-05-07",-124,46,3.83625,15.5025000572205
"430","2017-05-07",-126,47,74.30375,15.5674998760223
"431","2017-05-07",-125,47,450.42,14.9900000095367
"432","2017-05-07",-126,48,97.4016666666667,14.6174998283386
"433","2017-05-07",-125,48,0.486527777777778,14.1150000095367
"434","2017-05-07",-123,49,0.641666666666667,13.5775001049042
"435","2017-05-14",-119,33,53.7543055555556,24.3499999046326
"436","2017-05-14",-118,33,16.9184722222222,23.897500038147
"437","2017-05-14",-121,34,12.4826388888889,24.2874999046326
"438","2017-05-14",-120,34,2.05152777777778,24.0324997901917
"439","2017-05-14",-119,34,5.17138888888889,23.647500038147
"440","2017-05-14",-123,36,22.1620833333333,22.9024996757507
"441","2017-05-14",-122,36,16.3179166666667,22.9699997901917
"442","2017-05-14",-124,37,1.86055555555556,21.7249994277954
"443","2017-05-14",-123,37,60.4913888888889,22.1849994659424
"444","2017-05-14",-125,40,4.22916666666667,17.2300004959106
"445","2017-05-14",-125,41,4.37277777777778,16.440000295639
"446","2017-05-14",-126,42,0.796111111111111,15.7550001144409
"447","2017-05-14",-125,42,65.8813888888889,16.4100000858307
"448","2017-05-14",-126,43,0.246111111111111,15.8050003051758
"449","2017-05-14",-125,43,185.395277777778,16.5149998664856
"450","2017-05-14",-126,44,18.1918055555556,16.272500038147
"451","2017-05-14",-125,44,335.995555555556,16.5299997329712
"452","2017-05-14",-125,45,125.286944444444,16.5174999237061
"453","2017-05-14",-126,46,1.30986111111111,17.1624999046326
"454","2017-05-14",-125,46,828.850416666667,16.3925001621246
"455","2017-05-14",-124,46,0.0325,15.9000000953674
"456","2017-05-14",-126,47,438.702916666667,16.8824999332428
"457","2017-05-14",-125,47,91.4719444444444,15.7900002002716
"458","2017-05-14",-126,48,90.475,15.6699998378754
"459","2017-05-14",-123,49,5.73777777777778,13.7874999046326
"460","2017-05-21",-119,32,0.137361111111111,25.9250001907349
"461","2017-05-21",-120,33,1.45305555555556,25.6074995994568
"462","2017-05-21",-119,33,56.7426388888889,25.1949996948242
"463","2017-05-21",-118,33,7.41666666666667,24.6849999427795
"464","2017-05-21",-120,34,1.75166666666667,24.8724999427795
"465","2017-05-21",-123,36,11.3831944444444,23.7325005531311
"466","2017-05-21",-122,36,75.36875,23.7950000762939
"467","2017-05-21",-124,37,16.2565277777778,22.5575003623962
"468","2017-05-21",-123,37,82.0098611111111,22.9875001907349
"469","2017-05-21",-125,41,29.0240277777778,17.4374995231628
"470","2017-05-21",-125,42,47.9363888888889,17.3474998474121
"471","2017-05-21",-125,43,217.240138888889,17.3500003814697
"472","2017-05-21",-126,44,1.55875,17.1999998092651
"473","2017-05-21",-125,44,214.265277777778,17.3125
"474","2017-05-21",-125,45,746.657638888889,17.3124995231628
"475","2017-05-21",-126,46,432.059305555556,18.1199998855591
"476","2017-05-21",-125,46,2405.67472222222,17.164999961853
"477","2017-05-21",-124,46,3.89638888888889,16.4900002479553
"478","2017-05-21",-126,47,1077.01166666667,17.727499961853
"479","2017-05-21",-125,47,280.56375,16.4874999523163
"480","2017-05-21",-126,48,228.381388888889,16.4324998855591
"481","2017-05-21",-125,48,4.73333333333333,15.3474996089935
"482","2017-05-28",-120,33,0.329166666666667,25.4574999809265
"483","2017-05-28",-119,33,66.9893055555556,25.0774998664856
"484","2017-05-28",-118,33,4.71486111111111,24.6424999237061
"485","2017-05-28",-121,34,11.7958333333333,25.027500629425
"486","2017-05-28",-123,36,10.3834722222222,23.8199996948242
"487","2017-05-28",-122,36,35.3454166666667,23.7749996185303
"488","2017-05-28",-123,37,38.9819444444444,23.0875000953674
"489","2017-05-28",-125,40,26.3702777777778,19.5425000190735
"490","2017-05-28",-125,41,187.877222222222,18.9500002861023
"491","2017-05-28",-125,42,93.0130555555556,18.727499961853
"492","2017-05-28",-125,43,638.915694444444,18.414999961853
"493","2017-05-28",-126,44,7.68527777777778,18.3625001907349
"494","2017-05-28",-125,44,243.024166666667,18.1425004005432
"495","2017-05-28",-125,45,549.005833333333,18.0525002479553
"496","2017-05-28",-126,46,8.18888888888889,19
"497","2017-05-28",-125,46,1867.36638888889,17.835000038147
"498","2017-05-28",-124,46,1.35666666666667,16.8449997901917
"499","2017-05-28",-126,47,482.592916666667,18.4850001335144
"500","2017-05-28",-125,47,907.37,17.102499961853
"501","2017-05-28",-126,48,413.695972222222,17.1950001716614
"502","2017-05-28",-125,48,4.28930555555556,15.9549996852875
"503","2017-05-28",-123,49,0.184583333333333,14.3999998569489
"504","2017-06-04",-119,32,0.71125,26.0199995040894
"505","2017-06-04",-121,33,11.53,26.0749998092651
"506","2017-06-04",-119,33,70.2695833333333,25.3224997520447
"507","2017-06-04",-118,33,5.02930555555556,24.9199995994568
"508","2017-06-04",-121,34,1.78305555555556,25.3649997711182
"509","2017-06-04",-120,34,0.349166666666667,25.0174999237061
"510","2017-06-04",-123,36,8.00388888888889,24.3850002288818
"511","2017-06-04",-122,36,60.7325,24.2199997901917
"512","2017-06-04",-123,37,28.4061111111111,23.6725001335144
"513","2017-06-04",-124,39,16.9602777777778,22.1574997901917
"514","2017-06-04",-125,40,3.28694444444444,21.0899996757507
"515","2017-06-04",-125,41,245.177361111111,20.5999999046326
"516","2017-06-04",-125,42,9.89944444444444,20.3025002479553
"517","2017-06-04",-126,43,23.4883333333333,19.772500038147
"518","2017-06-04",-125,43,1616.74861111111,19.7850003242493
"519","2017-06-04",-126,44,209.264305555556,19.7850003242493
"520","2017-06-04",-125,44,764.220694444444,19.3350005149841
"521","2017-06-04",-125,45,334.779583333333,19.1575002670288
"522","2017-06-04",-126,46,0.370416666666667,20.1275000572205
"523","2017-06-04",-125,46,1814.05625,18.8800001144409
"524","2017-06-04",-126,47,461.680138888889,19.5349998474121
"525","2017-06-04",-125,47,199.960138888889,18.1225004196167
"526","2017-06-04",-126,48,374.65375,18.2949995994568
"527","2017-06-04",-125,48,2.77583333333333,17.0049998760223
"528","2017-06-11",-119,32,1.17583333333333,26.6225004196167
"529","2017-06-11",-120,33,2.81708333333333,26.25
"530","2017-06-11",-119,33,97.5980555555556,25.9075002670288
"531","2017-06-11",-118,33,8.30291666666667,25.5375003814697
"532","2017-06-11",-121,34,4.83680555555556,25.8474998474121
"533","2017-06-11",-120,34,1.40333333333333,25.5349998474121
"534","2017-06-11",-122,35,9.34069444444444,25.4074997901917
"535","2017-06-11",-123,36,13.7623611111111,24.8975005149841
"536","2017-06-11",-122,36,61.7231944444444,24.6825003623962
"537","2017-06-11",-123,37,16.2327777777778,24.1725001335144
"538","2017-06-11",-124,38,9.85569444444444,23.5449995994568
"539","2017-06-11",-124,39,4.31666666666667,22.7300000190735
"540","2017-06-11",-125,40,3.56708333333333,21.7975001335144
"541","2017-06-11",-126,41,16.4802777777778,21.2750005722046
"542","2017-06-11",-125,41,198.260555555556,21.3625001907349
"543","2017-06-11",-125,42,145.475833333333,21.0750002861023
"544","2017-06-11",-126,43,6.295,20.6224999427795
"545","2017-06-11",-125,43,800.349027777778,20.5025000572205
"546","2017-06-11",-126,44,90.7719444444444,20.6600003242493
"547","2017-06-11",-125,44,619.814027777778,20.0374999046326
"548","2017-06-11",-126,45,11.4344444444444,21.0450005531311
"549","2017-06-11",-125,45,316.518055555556,19.9000000953674
"550","2017-06-11",-126,46,13.4554166666667,21.1450004577637
"551","2017-06-11",-125,46,1309.74930555556,19.6600003242493
"552","2017-06-11",-126,47,241.817916666667,20.5450000762939
"553","2017-06-11",-125,47,712.591527777778,18.8700003623962
"554","2017-06-11",-126,48,88.4215277777778,19.1875
"555","2017-06-11",-125,48,17.9290277777778,17.6675000190735
"556","2017-06-18",-119,32,10.0463888888889,26.597499370575
"557","2017-06-18",-119,33,28.2880555555556,25.9124999046326
"558","2017-06-18",-118,33,9.76958333333333,25.5024995803833
"559","2017-06-18",-120,34,0.603472222222222,25.6075000762939
"560","2017-06-18",-122,35,9.47541666666667,25.5650000572205
"561","2017-06-18",-123,36,16.0284722222222,25.085000038147
"562","2017-06-18",-122,36,84.9952777777778,24.8575000762939
"563","2017-06-18",-123,37,15.1416666666667,24.3724999427795
"564","2017-06-18",-124,38,18.9923611111111,23.7200002670288
"565","2017-06-18",-125,39,1.30583333333333,22.7975001335144
"566","2017-06-18",-124,39,17.5188888888889,22.8724999427795
"567","2017-06-18",-125,40,82.3373611111111,21.7350001335144
"568","2017-06-18",-125,41,244.597222222222,21.2400002479553
"569","2017-06-18",-129,42,20.8048611111111,19.8800001144409
"570","2017-06-18",-128,42,4.75847222222222,20.0625004768372
"571","2017-06-18",-126,42,5.91777777777778,20.9150004386902
"572","2017-06-18",-125,42,13.375,21.0075001716614
"573","2017-06-18",-128,43,30.8952777777778,20.2350001335144
"574","2017-06-18",-127,43,9.72916666666667,20.4900002479553
"575","2017-06-18",-126,43,10.4334722222222,20.6950001716614
"576","2017-06-18",-125,43,273.2925,20.5650000572205
"577","2017-06-18",-128,44,6.64319444444444,21.0849995613098
"578","2017-06-18",-127,44,34.4319444444444,21.1949996948242
"579","2017-06-18",-126,44,188.199722222222,20.9324998855591
"580","2017-06-18",-125,44,299.321527777778,20.2425003051758
"581","2017-06-18",-126,45,10.2941666666667,21.4924998283386
"582","2017-06-18",-125,45,182.042222222222,20.2275004386902
"583","2017-06-18",-127,46,2.37402777777778,22.3699998855591
"584","2017-06-18",-125,46,1686.39361111111,20.0750002861023
"585","2017-06-18",-124,46,4.87347222222222,18.5300002098083
"586","2017-06-18",-126,47,766.790694444444,21.1575002670288
"587","2017-06-18",-125,47,173.46375,19.2825002670288
"588","2017-06-18",-126,48,26.1693055555556,19.6825003623962
"589","2017-06-18",-125,48,9.17722222222222,18.0125002861023
"590","2017-06-18",-123,49,0.116666666666667,15.8625001907349
"591","2017-06-25",-119,32,2.04388888888889,26.0500001907349
"592","2017-06-25",-120,33,9.32333333333333,25.9250001907349
"593","2017-06-25",-119,33,24.1773611111111,25.3924999237061
"594","2017-06-25",-118,33,13.0269444444444,24.8775000572205
"595","2017-06-25",-121,34,20.5640277777778,25.7675004005432
"596","2017-06-25",-122,35,10.4344444444444,25.5625
"597","2017-06-25",-123,36,23.7530555555556,25.2600002288818
"598","2017-06-25",-122,36,84.5640277777778,24.8724999427795
"599","2017-06-25",-124,37,45.2825,24.8375000953674
"600","2017-06-25",-123,37,92.1204166666667,24.5699996948242
"601","2017-06-25",-124,38,14.3570833333333,24.1350002288818
"602","2017-06-25",-125,39,36.6430555555556,23.539999961853
"603","2017-06-25",-124,39,33.0059722222222,23.3225002288818
"604","2017-06-25",-126,41,9.13375,22.0025000572205
"605","2017-06-25",-125,41,270.455555555556,21.960000038147
"606","2017-06-25",-125,42,35.1626388888889,21.727499961853
"607","2017-06-25",-128,43,2.78736111111111,21.6574997901917
"608","2017-06-25",-126,43,17.0509722222222,21.6525001525879
"609","2017-06-25",-125,43,809.405277777778,21.2699999809265
"610","2017-06-25",-127,44,52.9356944444444,22.4275007247925
"611","2017-06-25",-126,44,92.6069444444444,21.9300003051758
"612","2017-06-25",-125,44,479.403888888889,20.9649996757507
"613","2017-06-25",-127,45,92.7851388888889,23.2325005531311
"614","2017-06-25",-126,45,220.823333333333,22.5525002479553
"615","2017-06-25",-125,45,80.7248611111111,21.0074996948242
"616","2017-06-25",-126,46,5.74041666666667,22.7975001335144
"617","2017-06-25",-125,46,1526.47708333333,20.8824996948242
"618","2017-06-25",-126,47,138.594583333333,22.147500038147
"619","2017-06-25",-125,47,270.291944444444,20.0449995994568
"620","2017-06-25",-126,48,183.085416666667,20.5974998474121
"621","2017-06-25",-125,48,0.317916666666667,18.7174997329712
"622","2017-07-02",-119,33,26.6404166666667,25.7149996757507
"623","2017-07-02",-118,33,23.0483333333333,25.1599998474121
"624","2017-07-02",-121,34,2.75083333333333,26.1824998855591
"625","2017-07-02",-122,35,43.5131944444444,26.0824999809265
"626","2017-07-02",-121,35,0.711388888888889,25.5574998855591
"627","2017-07-02",-122,36,8.65208333333333,25.4450001716614
"628","2017-07-02",-127,42,1.67625,24.3999996185303
"629","2017-07-02",-125,42,5.65777777777778,24.0675005912781
"630","2017-07-02",-127,43,57.7072222222222,24.6799998283386
"631","2017-07-02",-126,43,36.8095833333333,24.3550000190735
"632","2017-07-02",-125,43,184.704861111111,23.4425001144409
"633","2017-07-02",-126,44,34.2598611111111,24.8949999809265
"634","2017-07-02",-125,44,219.946666666667,23.1875
"635","2017-07-02",-126,45,2.18763888888889,25.9200000762939
"636","2017-07-02",-125,45,28.6448611111111,23.4875001907349
"637","2017-07-02",-126,46,15.7111111111111,26.3949999809265
"638","2017-07-02",-125,46,321.637222222222,23.5425000190735
"639","2017-07-02",-124,46,0.529166666666667,20.6875
"640","2017-07-02",-126,47,54.64875,25.6524996757507
"641","2017-07-02",-125,47,530.749305555556,22.625
"642","2017-07-02",-126,48,34.5927777777778,23.8049998283386
"643","2017-07-02",-119,32,2.64763888888889,26.3249998092651
"644","2017-07-02",-121,33,3.45791666666667,26.8074998855591
"645","2017-07-02",-119,33,19.4394444444444,25.7149996757507
"646","2017-07-02",-118,33,4.96708333333333,25.1599998474121
"647","2017-07-02",-122,34,34.0554166666667,26.7174997329712
"648","2017-07-02",-121,34,35.9480555555556,26.1824998855591
"649","2017-07-02",-120,34,3.91763888888889,25.6449999809265
"650","2017-07-02",-122,35,13.8534722222222,26.0824999809265
"651","2017-07-02",-123,36,3.85236111111111,25.9224996566772
"652","2017-07-02",-122,36,18.8569444444444,25.4450001716614
"653","2017-07-02",-123,37,72.1036111111111,25.2874999046326
"654","2017-07-02",-124,38,12.1233333333333,25.1624999046326
"655","2017-07-02",-126,40,6.22694444444444,24.9349999427795
"656","2017-07-02",-126,41,0.570555555555555,24.5375003814697
"657","2017-07-02",-125,41,231.380555555556,24.3324999809265
"658","2017-07-02",-125,42,0.556666666666667,24.0675005912781
"659","2017-07-02",-127,43,113.103611111111,24.6799998283386
"660","2017-07-02",-126,43,16.3579166666667,24.3550000190735
"661","2017-07-02",-125,43,189.35625,23.4425001144409
"662","2017-07-02",-128,44,1.29152777777778,25.8425002098083
"663","2017-07-02",-127,44,88.6393055555556,25.7425003051758
"664","2017-07-02",-125,44,146.504861111111,23.1875
"665","2017-07-02",-127,45,28.2425,26.9100003242493
"666","2017-07-02",-126,45,0.755138888888889,25.9200000762939
"667","2017-07-02",-125,45,85.43,23.4875001907349
"668","2017-07-02",-127,46,43.1597222222222,27.3675003051758
"669","2017-07-02",-126,46,28.5618055555556,26.3949999809265
"670","2017-07-02",-125,46,192.454305555556,23.5425000190735
"671","2017-07-02",-126,47,31.9679166666667,25.6524996757507
"672","2017-07-02",-125,47,408.802083333333,22.625
"673","2017-07-02",-126,48,20.6602777777778,23.8049998283386
"674","2017-07-09",-121,32,3.00472222222222,27.5700006484985
"675","2017-07-09",-120,32,4.94902777777778,26.9549999237061
"676","2017-07-09",-119,32,7.99555555555556,26.3824996948242
"677","2017-07-09",-121,33,13.6827777777778,26.9975004196167
"678","2017-07-09",-120,33,12.5155555555556,26.3874998092651
"679","2017-07-09",-119,33,26.0172222222222,25.8224997520447
"680","2017-07-09",-118,33,13.4897222222222,25.2399997711182
"681","2017-07-09",-121,34,8.69708333333333,26.4224996566772
"682","2017-07-09",-120,34,18.5306944444444,25.8224997520447
"683","2017-07-09",-123,36,6.75291666666667,26.5274996757507
"684","2017-07-09",-122,36,5.09416666666667,25.9324994087219
"685","2017-07-09",-124,37,2.98791666666667,26.2874999046326
"686","2017-07-09",-123,37,69.1693055555556,25.9349994659424
"687","2017-07-09",-124,38,4.92527777777778,25.6374998092651
"688","2017-07-09",-127,41,0.831388888888889,22.8200001716614
"689","2017-07-09",-126,41,1.19166666666667,22.7325000762939
"690","2017-07-09",-125,41,399.905833333333,22.8074998855591
"691","2017-07-09",-127,42,7.55194444444444,22.5125002861023
"692","2017-07-09",-125,42,21.5020833333333,22.6599998474121
"693","2017-07-09",-127,43,79.5486111111111,22.7650003433228
"694","2017-07-09",-126,43,45.1129166666667,22.7025003433228
"695","2017-07-09",-125,43,254.914305555556,22.6149997711182
"696","2017-07-09",-128,44,10.9465277777778,23.8550004959106
"697","2017-07-09",-127,44,73.5331944444444,23.7200002670288
"698","2017-07-09",-126,44,67.8422222222222,23.289999961853
"699","2017-07-09",-125,44,186.850138888889,22.6474995613098
"700","2017-07-09",-128,45,46.69375,24.7925000190735
"701","2017-07-09",-127,45,160.712361111111,24.6349997520447
"702","2017-07-09",-126,45,219.976666666667,24.0224995613098
"703","2017-07-09",-125,45,150.046944444444,22.8199996948242
"704","2017-07-09",-128,46,4.49388888888889,25.2949995994568
"705","2017-07-09",-127,46,1.89152777777778,24.9524993896484
"706","2017-07-09",-126,46,19.6541666666667,24.2999997138977
"707","2017-07-09",-125,46,709.230555555555,22.7650003433228
"708","2017-07-09",-126,47,41.4719444444444,23.772500038147
"709","2017-07-09",-125,47,914.570277777778,22.0725002288818
"710","2017-07-09",-126,48,120.161527777778,22.4574999809265
"711","2017-07-09",-125,48,5.96555555555556,20.9499998092651
"712","2017-07-16",-119,32,82.8831944444444,26.6599998474121
"713","2017-07-16",-121,33,0.701388888888889,27.5725002288818
"714","2017-07-16",-120,33,10.5506944444444,26.8400001525879
"715","2017-07-16",-119,33,28.6641666666667,26.1524996757507
"716","2017-07-16",-118,33,62.5240277777778,25.4749994277954
"717","2017-07-16",-121,34,3.75416666666667,27.0550003051758
"718","2017-07-16",-120,34,0.458611111111111,26.3299999237061
"719","2017-07-16",-123,36,27.7005555555556,27.522500038147
"720","2017-07-16",-122,36,4.91319444444444,26.7974996566772
"721","2017-07-16",-124,37,6.69180555555556,27.4900002479553
"722","2017-07-16",-123,37,22.0493055555556,26.9875001907349
"723","2017-07-16",-124,38,34.2926388888889,26.914999961853
"724","2017-07-16",-128,41,43.8955555555556,24.9475002288818
"725","2017-07-16",-127,41,0.419444444444444,24.7825002670288
"726","2017-07-16",-126,41,2.84833333333333,24.585000038147
"727","2017-07-16",-125,41,517.723055555556,24.5575003623962
"728","2017-07-16",-127,42,0.423611111111111,24.4724998474121
"729","2017-07-16",-126,42,32.0672222222222,24.4174995422363
"730","2017-07-16",-125,42,56.7515277777778,24.4175000190735
"731","2017-07-16",-126,43,116.502083333333,24.5724997520447
"732","2017-07-16",-125,43,232.764722222222,24.3674998283386
"733","2017-07-16",-127,44,18.5605555555556,25.5950002670288
"734","2017-07-16",-126,44,97.6158333333333,25.1525001525879
"735","2017-07-16",-125,44,301.139861111111,24.414999961853
"736","2017-07-16",-128,45,4.51263888888889,26.5550003051758
"737","2017-07-16",-127,45,6.85305555555556,26.4825005531311
"738","2017-07-16",-126,45,126.899166666667,25.8900003433228
"739","2017-07-16",-125,45,139.438472222222,24.6150002479553
"740","2017-07-16",-128,46,0.657638888888889,26.9225001335144
"741","2017-07-16",-126,46,109.360555555556,26.1200003623962
"742","2017-07-16",-125,46,1263.33055555556,24.5700001716614
"743","2017-07-16",-124,46,0.299166666666667,23.0275001525879
"744","2017-07-16",-126,47,339.332361111111,25.5625
"745","2017-07-16",-125,47,611.003888888889,23.9024996757507
"746","2017-07-16",-126,48,424.205694444444,24.3324999809265
"747","2017-07-23",-119,32,52.3690277777778,27.8575000762939
"748","2017-07-23",-119,33,9.22555555555556,27.3450002670288
"749","2017-07-23",-118,33,18.2329166666667,26.6350002288818
"750","2017-07-23",-121,34,5.90180555555556,28.210000038147
"751","2017-07-23",-120,34,0.483194444444444,27.5125002861023
"752","2017-07-23",-123,36,2.22138888888889,28.6424999237061
"753","2017-07-23",-122,36,7.21805555555556,27.9349999427795
"754","2017-07-23",-124,37,16.0533333333333,28.4974999427795
"755","2017-07-23",-123,37,120.301666666667,28.1075000762939
"756","2017-07-23",-124,38,24.4002777777778,27.9049997329712
"757","2017-07-23",-125,40,2.1875,25.8400001525879
"758","2017-07-23",-125,41,298.376111111111,25.1674995422363
"759","2017-07-23",-126,42,53.5294444444444,25.0450000762939
"760","2017-07-23",-125,42,57.7444444444444,25.0974998474121
"761","2017-07-23",-127,43,7.43527777777778,25.3949995040894
"762","2017-07-23",-126,43,55.3436111111111,25.2349996566772
"763","2017-07-23",-125,43,217.312638888889,25.1349997520447
"764","2017-07-23",-126,44,0.525694444444444,25.7499995231628
"765","2017-07-23",-125,44,290.688194444444,25.2024998664856
"766","2017-07-23",-126,45,182.335972222222,26.3699998855591
"767","2017-07-23",-125,45,230.342638888889,25.3500003814697
"768","2017-07-23",-126,46,217.807083333333,26.5799999237061
"769","2017-07-23",-125,46,781.414583333333,25.2825002670288
"770","2017-07-23",-124,46,2.02402777777778,24.0250000953674
"771","2017-07-23",-126,47,237.595138888889,26.0924997329712
"772","2017-07-23",-125,47,49.1222222222222,24.664999961853
"773","2017-07-23",-126,48,429.379861111111,24.9524998664856
"774","2017-07-23",-125,48,59.1430555555556,23.6875
"775","2017-07-30",-120,32,5.12055555555555,28.0949993133545
"776","2017-07-30",-119,32,35.5234722222222,27.5
"777","2017-07-30",-119,33,3.50875,27.0025000572205
"778","2017-07-30",-118,33,8.46055555555556,26.3600006103516
"779","2017-07-30",-123,36,31.2251388888889,28.2400002479553
"780","2017-07-30",-122,36,13.5988888888889,27.4724998474121
"781","2017-07-30",-124,37,26.1404166666667,28.3025002479553
"782","2017-07-30",-123,37,239.073472222222,27.7275004386902
"783","2017-07-30",-126,38,10.2630555555556,28.8049998283386
"784","2017-07-30",-125,38,22.4768055555556,28.3025002479553
"785","2017-07-30",-124,38,92.5438888888889,27.7650003433228
"786","2017-07-30",-125,39,6.86222222222222,27.4450001716614
"787","2017-07-30",-124,39,5.74666666666667,27.1025004386902
"788","2017-07-30",-125,40,20.7054166666667,26.4050002098083
"789","2017-07-30",-125,41,114.555555555556,25.8225002288818
"790","2017-07-30",-125,42,136.227916666667,25.6550002098083
"791","2017-07-30",-128,43,14.3423611111111,26.3375000953674
"792","2017-07-30",-127,43,41.5534722222222,26.0774998664856
"793","2017-07-30",-126,43,44.2276388888889,25.8099999427795
"794","2017-07-30",-125,43,245.599861111111,25.4800000190735
"795","2017-07-30",-128,44,36.3451388888889,26.8299999237061
"796","2017-07-30",-127,44,356.519305555556,26.6000003814697
"797","2017-07-30",-126,44,3.74013888888889,26.0900001525879
"798","2017-07-30",-125,44,324.857083333333,25.3674998283386
"799","2017-07-30",-127,45,41.4526388888889,27.0975003242493
"800","2017-07-30",-126,45,248.593333333333,26.5374999046326
"801","2017-07-30",-125,45,205.206666666667,25.4249997138977
"802","2017-07-30",-127,46,8.21708333333333,27.227499961853
"803","2017-07-30",-126,46,160.032777777778,26.6849994659424
"804","2017-07-30",-125,46,484.285277777778,25.3274993896484
"805","2017-07-30",-128,47,1.5325,27.3525004386902
"806","2017-07-30",-127,47,39.8095833333333,27.0025000572205
"807","2017-07-30",-126,47,678.402916666667,26.1999998092651
"808","2017-07-30",-125,47,671.807916666667,24.7174997329712
"809","2017-07-30",-126,48,688.984305555556,25.0975003242493
"810","2017-07-30",-125,48,103.529583333333,23.7675004005432
"811","2017-08-06",-119,32,54.4468055555556,27.1375002861023
"812","2017-08-06",-119,33,8.97569444444444,26.6550002098083
"813","2017-08-06",-118,33,19.7956944444444,26.0200004577637
"814","2017-08-06",-121,34,0.453888888888889,27.4424996376038
"815","2017-08-06",-120,34,9.18541666666667,26.7699995040894
"816","2017-08-06",-123,36,39.0658333333333,28.2225003242493
"817","2017-08-06",-122,36,6.89388888888889,27.2874999046326
"818","2017-08-06",-124,37,51.6797222222222,28.5475001335144
"819","2017-08-06",-123,37,167.142222222222,27.7049999237061
"820","2017-08-06",-125,38,57.5884722222222,28.9725003242493
"821","2017-08-06",-124,38,100.978333333333,28.039999961853
"822","2017-08-06",-126,39,61.2651388888889,29.0000004768372
"823","2017-08-06",-125,39,47.83875,28.2650003433228
"824","2017-08-06",-124,39,2.34569444444444,27.4674997329712
"825","2017-08-06",-128,40,4.96013888888889,28.3299999237061
"826","2017-08-06",-126,40,4.8975,27.9349999427795
"827","2017-08-06",-128,41,1.02111111111111,27.6324996948242
"828","2017-08-06",-126,41,20.2855555555556,27.2299995422363
"829","2017-08-06",-125,41,616.018055555556,26.977499961853
"830","2017-08-06",-128,42,9.31208333333333,27.3599996566772
"831","2017-08-06",-127,42,5.72097222222222,27.2199997901917
"832","2017-08-06",-126,42,197.176944444444,27.039999961853
"833","2017-08-06",-125,42,435.580833333333,26.7024998664856
"834","2017-08-06",-129,43,30.4836111111111,27.6924996376038
"835","2017-08-06",-128,43,6.43208333333333,27.5149998664856
"836","2017-08-06",-127,43,15.2993055555556,27.3175001144409
"837","2017-08-06",-126,43,66.4241666666667,26.9450001716614
"838","2017-08-06",-125,43,67.2276388888889,26.2950000762939
"839","2017-08-06",-128,44,323.093194444444,27.9549994468689
"840","2017-08-06",-127,44,229.201805555556,27.7424998283386
"841","2017-08-06",-126,44,35.16625,27.1075000762939
"842","2017-08-06",-125,44,280.644444444444,26.0325002670288
"843","2017-08-06",-127,45,12.5794444444444,28.2049994468689
"844","2017-08-06",-126,45,55.0502777777778,27.5625
"845","2017-08-06",-125,45,92.0058333333333,26.0824999809265
"846","2017-08-06",-126,46,47.2944444444444,27.7375001907349
"847","2017-08-06",-125,46,544.393194444444,25.9974999427795
"848","2017-08-06",-124,46,0.0429166666666667,24.1174998283386
"849","2017-08-06",-128,47,9.85472222222222,28.4125003814697
"850","2017-08-06",-127,47,25.2951388888889,28.0800004005432
"851","2017-08-06",-126,47,491.177916666667,27.1849999427795
"852","2017-08-06",-125,47,917.699583333333,25.3224997520447
"853","2017-08-06",-126,48,536.64125,25.9424996376038
"854","2017-08-06",-125,48,87.4895833333333,24.2699999809265
"855","2017-08-13",-119,32,15.8134722222222,27.102499961853
"856","2017-08-13",-119,33,12.2311111111111,26.6374998092651
"857","2017-08-13",-118,33,14.8419444444444,26.102499961853
"858","2017-08-13",-121,34,4.75916666666667,27.2799997329712
"859","2017-08-13",-120,34,0.836527777777778,26.6775002479553
"860","2017-08-13",-123,36,20.6720833333333,27.9800000190735
"861","2017-08-13",-122,36,18.5234722222222,27.0924997329712
"862","2017-08-13",-124,37,2.40861111111111,28.2075004577637
"863","2017-08-13",-123,37,117.377916666667,27.4525003433228
"864","2017-08-13",-124,38,11.4580555555556,27.6575002670288
"865","2017-08-13",-127,41,2.27513888888889,26.2375001907349
"866","2017-08-13",-126,41,30.1252777777778,25.8725004196167
"867","2017-08-13",-125,41,180.211388888889,25.697500705719
"868","2017-08-13",-128,42,11.7463888888889,26.1149997711182
"869","2017-08-13",-127,42,10.2870833333333,25.7824997901917
"870","2017-08-13",-126,42,1.53305555555556,25.5700001716614
"871","2017-08-13",-125,42,28.3675,25.4150004386902
"872","2017-08-13",-129,43,71.0581944444445,26.414999961853
"873","2017-08-13",-128,43,91.6094444444444,26.0399994850159
"874","2017-08-13",-126,43,29.4493055555556,25.4549999237061
"875","2017-08-13",-125,43,725.827222222222,25.1449999809265
"876","2017-08-13",-128,44,7.70236111111111,26.1174998283386
"877","2017-08-13",-126,44,4.53541666666667,25.375
"878","2017-08-13",-125,44,148.258611111111,24.8424997329712
"879","2017-08-13",-127,45,10.7704166666667,25.8975005149841
"880","2017-08-13",-126,45,18.1626388888889,25.4675002098083
"881","2017-08-13",-125,45,150.711944444444,24.6924996376038
"882","2017-08-13",-128,46,2.23652777777778,26.1025004386902
"883","2017-08-13",-127,46,41.52125,25.9050006866455
"884","2017-08-13",-126,46,127.197361111111,25.4925003051758
"885","2017-08-13",-125,46,744.328611111111,24.4900002479553
"886","2017-08-13",-124,46,0.106805555555556,23.4150004386902
"887","2017-08-13",-127,47,26.4891666666667,25.6975002288818
"888","2017-08-13",-126,47,336.954027777778,25.0650005340576
"889","2017-08-13",-125,47,305.453611111111,23.9125003814697
"890","2017-08-13",-126,48,498.773333333333,24.0600004196167
"891","2017-08-13",-125,48,66.8141666666667,23.0300002098083
"892","2017-08-20",-120,32,5.06986111111111,26.6975002288818
"893","2017-08-20",-119,32,10.9636111111111,26.2575001716614
"894","2017-08-20",-119,33,9.02805555555556,25.8025002479553
"895","2017-08-20",-118,33,7.04541666666667,25.3825001716614
"896","2017-08-20",-121,34,2.25833333333333,26.3124995231628
"897","2017-08-20",-120,34,1.45805555555556,25.7674999237061
"898","2017-08-20",-122,35,67.1461111111111,26.5999999046326
"899","2017-08-20",-123,36,18.6554166666667,26.9975004196167
"900","2017-08-20",-122,36,13.6395833333333,26.1050004959106
"901","2017-08-20",-124,37,43.1481944444444,27.352499961853
"902","2017-08-20",-123,37,127.543611111111,26.4825005531311
"903","2017-08-20",-125,38,1.87291666666667,27.9749999046326
"904","2017-08-20",-124,38,64.8048611111111,26.8175001144409
"905","2017-08-20",-125,41,96.9872222222222,25.039999961853
"906","2017-08-20",-125,42,73.2354166666667,24.7099995613098
"907","2017-08-20",-129,43,18.3466666666667,25.2925000190735
"908","2017-08-20",-128,43,15.4756944444444,24.9724998474121
"909","2017-08-20",-126,43,13.4090277777778,24.6024994850159
"910","2017-08-20",-125,43,258.961527777778,24.324999332428
"911","2017-08-20",-128,44,423.467083333333,24.7325000762939
"912","2017-08-20",-127,44,22.0913888888889,24.5374999046326
"913","2017-08-20",-126,44,10.2759722222222,24.2299995422363
"914","2017-08-20",-125,44,154.845,23.8599996566772
"915","2017-08-20",-128,45,14.39875,24.4974999427795
"916","2017-08-20",-127,45,6.94166666666667,24.3249998092651
"917","2017-08-20",-126,45,20.0740277777778,24.0474996566772
"918","2017-08-20",-125,45,265.685833333333,23.5499997138977
"919","2017-08-20",-127,46,8.08347222222222,24.3099999427795
"920","2017-08-20",-126,46,59.0638888888889,24.0099997520447
"921","2017-08-20",-125,46,1068.80180555556,23.289999961853
"922","2017-08-20",-124,46,0.507361111111111,22.4500002861023
"923","2017-08-20",-128,47,16.8568055555556,24.3200001716614
"924","2017-08-20",-126,47,106.2825,23.6824998855591
"925","2017-08-20",-125,47,192.189166666667,22.7825002670288
"926","2017-08-20",-126,48,530.477777777778,22.8150000572205
"927","2017-08-20",-125,48,119.570277777778,22.0050001144409
"928","2017-08-27",-120,32,17.7331944444444,26.7925000190735
"929","2017-08-27",-119,32,52.4904166666667,26.3299999237061
"930","2017-08-27",-119,33,17.3420833333333,25.8575000762939
"931","2017-08-27",-118,33,4.45083333333333,25.4050002098083
"932","2017-08-27",-121,34,3.05125,26.3674998283386
"933","2017-08-27",-120,34,0.982222222222222,25.8274998664856
"934","2017-08-27",-123,36,12.5193055555556,26.9175000190735
"935","2017-08-27",-122,36,6.41361111111111,26.0749998092651
"936","2017-08-27",-124,37,16.1715277777778,27.2425003051758
"937","2017-08-27",-123,37,68.6851388888889,26.3825001716614
"938","2017-08-27",-124,38,91.9518055555556,26.7075004577637
"939","2017-08-27",-125,39,17.2486111111111,27.0500001907349
"940","2017-08-27",-124,39,4.61,26.0724997520447
"941","2017-08-27",-125,40,1.42486111111111,25.9874997138977
"942","2017-08-27",-126,41,29.2777777777778,25.7274994850159
"943","2017-08-27",-125,41,613.54375,25.3999996185303
"944","2017-08-27",-126,42,174.208055555556,25.4349999427795
"945","2017-08-27",-125,42,138.294166666667,25.0875000953674
"946","2017-08-27",-125,43,327.717361111111,24.5425004959106
"947","2017-08-27",-128,44,63.1006944444444,25.2750000953674
"948","2017-08-27",-127,44,13.0593055555556,25.0549998283386
"949","2017-08-27",-125,44,185.574861111111,23.9700002670288
"950","2017-08-27",-128,45,16.7130555555556,25.0125002861023
"951","2017-08-27",-127,45,19.8726388888889,24.8049998283386
"952","2017-08-27",-126,45,43.2086111111111,24.4449996948242
"953","2017-08-27",-125,45,89.8081944444444,23.6574997901917
"954","2017-08-27",-126,46,33.0280555555556,24.4099998474121
"955","2017-08-27",-125,46,675.318055555556,23.3974995613098
"956","2017-08-27",-128,47,30.5370833333333,24.772500038147
"957","2017-08-27",-126,47,67.7041666666667,23.9974999427795
"958","2017-08-27",-125,47,96.3545833333333,22.8174996376038
"959","2017-08-27",-126,48,577.182916666667,23.0050001144409
"960","2017-08-27",-125,48,85.4931944444444,21.9400000572205
"961","2017-09-03",-120,32,5.30986111111111,26.4400000572205
"962","2017-09-03",-119,32,30.9505555555556,25.9875001907349
"963","2017-09-03",-120,33,0.549166666666667,25.9524998664856
"964","2017-09-03",-119,33,36.3033333333333,25.5124998092651
"965","2017-09-03",-118,33,3.39708333333333,25.0650000572205
"966","2017-09-03",-122,34,4.48,26.6875004768372
"967","2017-09-03",-121,34,3.20916666666667,25.9800004959106
"968","2017-09-03",-120,34,2.13319444444444,25.4700002670288
"969","2017-09-03",-122,35,29.2052777777778,26.164999961853
"970","2017-09-03",-123,36,4.99708333333333,26.460000038147
"971","2017-09-03",-122,36,13.1025,25.6424999237061
"972","2017-09-03",-124,37,9.99486111111111,26.8575000762939
"973","2017-09-03",-123,37,62.9675,25.9250001907349
"974","2017-09-03",-125,38,9.13569444444444,27.8650002479553
"975","2017-09-03",-124,38,87.6415277777778,26.3450002670288
"976","2017-09-03",-125,39,24.5073611111111,26.9974999427795
"977","2017-09-03",-124,39,3.60833333333333,25.7550001144409
"978","2017-09-03",-126,41,40.2856944444444,25.8250002861023
"979","2017-09-03",-125,41,170.888194444444,25.4925003051758
"980","2017-09-03",-128,42,9.07388888888889,25.4899997711182
"981","2017-09-03",-127,42,18.4448611111111,25.5074996948242
"982","2017-09-03",-126,42,125.317361111111,25.4500002861023
"983","2017-09-03",-125,42,341.973333333333,25.0775003433228
"984","2017-09-03",-127,43,8.75722222222222,25.164999961853
"985","2017-09-03",-126,43,1.20180555555556,24.9350004196167
"986","2017-09-03",-125,43,418.827916666667,24.3500003814697
"987","2017-09-03",-128,44,8.59180555555556,24.852499961853
"988","2017-09-03",-127,44,5.21194444444444,24.7049999237061
"989","2017-09-03",-126,44,20.7005555555556,24.3175001144409
"990","2017-09-03",-125,44,447.366527777778,23.6300001144409
"991","2017-09-03",-128,45,22.5886111111111,24.5574998855591
"992","2017-09-03",-127,45,96.9273611111111,24.3674998283386
"993","2017-09-03",-126,45,55.7911111111111,24.0524997711182
"994","2017-09-03",-125,45,395.491666666667,23.2474999427795
"995","2017-09-03",-127,46,23.7379166666667,24.3375000953674
"996","2017-09-03",-126,46,299.470277777778,24.022500038147
"997","2017-09-03",-125,46,833.732916666667,22.9725003242493
"998","2017-09-03",-124,46,0.325416666666667,21.7575001716614
"999","2017-09-03",-128,47,27.0752777777778,24.4175000190735
"1000","2017-09-03",-127,47,1.635,24.1975002288818
"1001","2017-09-03",-126,47,232.654722222222,23.6375002861023
"1002","2017-09-03",-125,47,344.760138888889,22.3975005149841
"1003","2017-09-03",-126,48,161.644444444444,22.6424999237061
"1004","2017-09-03",-125,48,48.1098611111111,21.5174999237061
"1005","2017-09-10",-119,32,28.3813888888889,26.0574998855591
"1006","2017-09-10",-119,33,44.2680555555556,25.5425004959106
"1007","2017-09-10",-118,33,11.2013888888889,25.0175004005432
"1008","2017-09-10",-121,34,7.93736111111111,26.0349998474121
"1009","2017-09-10",-120,34,0.754583333333333,25.5125002861023
"1010","2017-09-10",-121,35,0.358055555555556,25.4949998855591
"1011","2017-09-10",-123,36,21.7315277777778,26.3375000953674
"1012","2017-09-10",-122,36,13.9516666666667,25.5900001525879
"1013","2017-09-10",-123,37,92.8355555555556,25.7625002861023
"1014","2017-09-10",-125,38,5.95875,27.1250004768372
"1015","2017-09-10",-124,38,45.4608333333333,25.9425001144409
"1016","2017-09-10",-125,39,22.5916666666667,26.1025004386902
"1017","2017-09-10",-124,39,1.42277777777778,25.2300000190735
"1018","2017-09-10",-126,41,15.1569444444444,24.4500002861023
"1019","2017-09-10",-125,41,1.85,24.2175002098083
"1020","2017-09-10",-126,42,53.39125,24.0625004768372
"1021","2017-09-10",-125,42,65.4876388888889,23.8575000762939
"1022","2017-09-10",-126,43,45.4322222222222,23.5550003051758
"1023","2017-09-10",-125,43,775.509305555556,23.2625002861023
"1024","2017-09-10",-126,44,50.1811111111111,22.7674999237061
"1025","2017-09-10",-125,44,573.503333333333,22.522500038147
"1026","2017-09-10",-128,45,29.455,22.6949996948242
"1027","2017-09-10",-127,45,20.8652777777778,22.4000000953674
"1028","2017-09-10",-126,45,16.5145833333333,22.2150001525879
"1029","2017-09-10",-125,45,498.386388888889,21.9749999046326
"1030","2017-09-10",-128,46,27.2366666666667,22.4674997329712
"1031","2017-09-10",-127,46,12.91375,22.2350001335144
"1032","2017-09-10",-126,46,53.7283333333333,22.0275001525879
"1033","2017-09-10",-125,46,528.094861111111,21.585000038147
"1034","2017-09-10",-128,47,272.289583333333,22.3274998664856
"1035","2017-09-10",-127,47,8.46875,22.1050000190735
"1036","2017-09-10",-126,47,137.343611111111,21.727499961853
"1037","2017-09-10",-125,47,582.081944444444,21.0749998092651
"1038","2017-09-10",-126,48,69.2905555555556,20.9475002288818
"1039","2017-09-10",-125,48,37.3452777777778,20.335000038147
"1040","2017-09-17",-120,32,1.00986111111111,26.2200002670288
"1041","2017-09-17",-119,32,4.52083333333333,25.7600002288818
"1042","2017-09-17",-119,33,58.9959722222222,25.2399997711182
"1043","2017-09-17",-118,33,3.48263888888889,24.7324995994568
"1044","2017-09-17",-121,34,6.26347222222222,25.5900001525879
"1045","2017-09-17",-120,34,0.157916666666667,25.1525001525879
"1046","2017-09-17",-121,35,0.575277777777778,25.0425000190735
"1047","2017-09-17",-123,36,8.73680555555556,25.652500629425
"1048","2017-09-17",-122,36,6.38541666666667,25.0175004005432
"1049","2017-09-17",-123,37,41.9690277777778,25.0799999237061
"1050","2017-09-17",-124,38,1.31375,25.2800002098083
"1051","2017-09-17",-125,39,20.4640277777778,25.7150001525879
"1052","2017-09-17",-124,39,5.32541666666667,24.6375002861023
"1053","2017-09-17",-125,40,19.7315277777778,24.6600003242493
"1054","2017-09-17",-126,41,69.8097222222222,24.4650001525879
"1055","2017-09-17",-125,41,188.720972222222,24.085000038147
"1056","2017-09-17",-127,42,6.39680555555556,24.3350005149841
"1057","2017-09-17",-126,42,77.9815277777778,24.1500000953674
"1058","2017-09-17",-125,42,294.084583333333,23.7325000762939
"1059","2017-09-17",-126,43,9.83805555555556,23.5950002670288
"1060","2017-09-17",-125,43,998.318472222222,23.022500038147
"1061","2017-09-17",-126,44,27.5865277777778,22.7625002861023
"1062","2017-09-17",-125,44,372.305694444444,22.2174997329712
"1063","2017-09-17",-126,45,6.95291666666667,22.227499961853
"1064","2017-09-17",-125,45,166.19125,21.6900000572205
"1065","2017-09-17",-126,46,51.7325,22.0874996185303
"1066","2017-09-17",-125,46,198.549861111111,21.335000038147
"1067","2017-09-17",-127,47,19.2918055555556,22.3000001907349
"1068","2017-09-17",-126,47,163.511527777778,21.7649998664856
"1069","2017-09-17",-125,47,187.706388888889,20.789999961853
"1070","2017-09-17",-126,48,168.402222222222,20.8874998092651
"1071","2017-09-17",-125,48,21.8251388888889,19.9724998474121
"1072","2017-09-24",-120,32,1.58847222222222,26.2925000190735
"1073","2017-09-24",-119,32,6.72597222222222,25.7699999809265
"1074","2017-09-24",-119,33,58.6322222222222,25.2199997901917
"1075","2017-09-24",-118,33,0.891944444444444,24.6199998855591
"1076","2017-09-24",-122,34,75.2386111111111,26.0600004196167
"1077","2017-09-24",-121,34,23.2955555555556,25.5975003242493
"1078","2017-09-24",-122,35,98.2677777777778,25.4725003242493
"1079","2017-09-24",-121,35,2.89583333333333,25.0225005149841
"1080","2017-09-24",-123,36,39.3445833333333,25.3550000190735
"1081","2017-09-24",-122,36,11.2288888888889,24.8875002861023
"1082","2017-09-24",-125,37,2.52888888888889,25.647500038147
"1083","2017-09-24",-124,37,29.1226388888889,25.1475005149841
"1084","2017-09-24",-123,37,152.722083333333,24.7550001144409
"1085","2017-09-24",-124,38,46.9723611111111,24.5075006484985
"1086","2017-09-24",-125,41,7.57194444444444,21.6925001144409
"1087","2017-09-24",-125,42,172.619166666667,21.5075001716614
"1088","2017-09-24",-126,43,100.109444444444,21.1675000190735
"1089","2017-09-24",-125,43,773.44875,21.1549997329712
"1090","2017-09-24",-128,44,12.6551388888889,20.6450004577637
"1091","2017-09-24",-127,44,10.3690277777778,20.3050003051758
"1092","2017-09-24",-126,44,87.4741666666667,20.1599998474121
"1093","2017-09-24",-125,44,893.860833333333,20.4349994659424
"1094","2017-09-24",-128,45,1.84388888888889,19.6225004196167
"1095","2017-09-24",-126,45,2.93583333333333,19.2250003814697
"1096","2017-09-24",-125,45,170.660972222222,19.6950001716614
"1097","2017-09-24",-126,46,57.8770833333333,18.8250007629395
"1098","2017-09-24",-125,46,1057.35402777778,19.175000667572
"1099","2017-09-24",-124,46,0.517638888888889,19.4600005149841
"1100","2017-09-24",-128,47,10.0368055555556,18.8275003433228
"1101","2017-09-24",-126,47,423.830555555556,18.6175003051758
"1102","2017-09-24",-125,47,242.8125,18.7624998092651
"1103","2017-09-24",-126,48,447.218472222222,18.147500038147
"1104","2017-09-24",-125,48,23.6856944444444,18.2349996566772
"1105","2017-10-01",-119,32,1.21055555555556,25.6275000572205
"1106","2017-10-01",-120,33,4.02583333333333,25.5475001335144
"1107","2017-10-01",-119,33,26.6073611111111,25.0350003242493
"1108","2017-10-01",-118,33,3.26166666666667,24.4400000572205
"1109","2017-10-01",-122,34,4.81958333333333,25.8599996566772
"1110","2017-10-01",-121,34,36.5731944444444,25.3849997520447
"1111","2017-10-01",-120,34,3.54527777777778,24.9425001144409
"1112","2017-10-01",-123,35,0.641527777777778,25.6700000762939
"1113","2017-10-01",-122,35,86.9170833333333,25.2374997138977
"1114","2017-10-01",-123,36,42.5719444444444,25.0225005149841
"1115","2017-10-01",-122,36,9.91805555555555,24.6150002479553
"1116","2017-10-01",-124,37,31.6444444444444,24.4150004386902
"1117","2017-10-01",-123,37,60.3869444444444,24.3775005340576
"1118","2017-10-01",-126,41,46.7155555555556,18.3649997711182
"1119","2017-10-01",-125,41,124.490694444444,18.5824995040894
"1120","2017-10-01",-125,42,168.400972222222,18.5849995613098
"1121","2017-10-01",-126,43,40.2063888888889,17.8024997711182
"1122","2017-10-01",-125,43,376.345416666667,18.6900000572205
"1123","2017-10-01",-128,44,21.8290277777778,16.6275000572205
"1124","2017-10-01",-126,44,66.0819444444444,16.6500000953674
"1125","2017-10-01",-125,44,565.808194444444,18.1050000190735
"1126","2017-10-01",-126,45,36.2815277777778,15.2574999332428
"1127","2017-10-01",-125,45,147.005833333333,17.1024997234344
"1128","2017-10-01",-125,46,390.6175,16.3999996185303
"1129","2017-10-01",-126,47,9.59708333333333,14.6374998092651
"1130","2017-10-01",-125,47,122.080138888889,16.1749999523163
"1131","2017-10-01",-126,48,329.036527777778,14.664999961853
"1132","2017-10-01",-125,48,0.437916666666667,15.9975001811981
"1133","2017-10-01",-119,32,14.5163888888889,25.6275000572205
"1134","2017-10-01",-120,33,0.478888888888889,25.5475001335144
"1135","2017-10-01",-119,33,14.1648611111111,25.0350003242493
"1136","2017-10-01",-122,34,29.7226388888889,25.8599996566772
"1137","2017-10-01",-121,34,73.6444444444444,25.3849997520447
"1138","2017-10-01",-120,34,1.94569444444444,24.9425001144409
"1139","2017-10-01",-122,35,28.2729166666667,25.2374997138977
"1140","2017-10-01",-121,35,7.86319444444444,24.7750000953674
"1141","2017-10-01",-123,36,6.13236111111111,25.0225005149841
"1142","2017-10-01",-122,36,3.74152777777778,24.6150002479553
"1143","2017-10-01",-123,37,41.2743055555556,24.3775005340576
"1144","2017-10-01",-125,38,1.4625,23.2950000762939
"1145","2017-10-01",-124,38,7.12277777777778,23.6375002861023
"1146","2017-10-01",-125,41,180.305694444444,18.5824995040894
"1147","2017-10-01",-126,42,2.25097222222222,18.0899996757507
"1148","2017-10-01",-125,42,105.333055555556,18.5849995613098
"1149","2017-10-01",-127,43,3.45722222222222,17.6750001907349
"1150","2017-10-01",-126,43,28.4384722222222,17.8024997711182
"1151","2017-10-01",-125,43,1102.73486111111,18.6900000572205
"1152","2017-10-01",-127,44,25.8833333333333,16.2950000762939
"1153","2017-10-01",-126,44,4.58805555555556,16.6500000953674
"1154","2017-10-01",-125,44,489.4775,18.1050000190735
"1155","2017-10-01",-126,45,114.235694444444,15.2574999332428
"1156","2017-10-01",-125,45,149.95375,17.1024997234344
"1157","2017-10-01",-127,46,2.89,14.2824997901917
"1158","2017-10-01",-126,46,20.6486111111111,14.6199996471405
"1159","2017-10-01",-125,46,178.764166666667,16.3999996185303
"1160","2017-10-01",-128,47,1.94138888888889,14.3299999237061
"1161","2017-10-01",-126,47,17.5881944444444,14.6374998092651
"1162","2017-10-01",-125,47,57.1123611111111,16.1749999523163
"1163","2017-10-01",-126,48,295.675694444444,14.664999961853
"1164","2017-10-01",-125,48,1.37486111111111,15.9975001811981
"1165","2017-10-08",-121,32,1.24930555555556,26.5999999046326
"1166","2017-10-08",-120,32,29.3794444444444,26.2174997329712
"1167","2017-10-08",-119,32,1.22930555555556,25.8025002479553
"1168","2017-10-08",-121,33,13.9969444444444,25.9875001907349
"1169","2017-10-08",-120,33,12.3084722222222,25.6124997138977
"1170","2017-10-08",-119,33,27.0745833333333,25.2049999237061
"1171","2017-10-08",-118,33,9.15027777777778,24.7400002479553
"1172","2017-10-08",-122,34,55.23,25.7900004386902
"1173","2017-10-08",-121,34,39.3440277777778,25.3775000572205
"1174","2017-10-08",-120,34,27.5143055555556,25.0099997520447
"1175","2017-10-08",-122,35,70.92375,25.1700000762939
"1176","2017-10-08",-123,36,11.6140277777778,24.8624997138977
"1177","2017-10-08",-122,36,4.47694444444444,24.5475001335144
"1178","2017-10-08",-123,37,102.569444444444,24.2124996185303
"1179","2017-10-08",-124,38,27.5293055555556,23.1799998283386
"1180","2017-10-08",-125,39,27.0476388888889,20.5924997329712
"1181","2017-10-08",-124,39,5.78527777777778,21.9199995994568
"1182","2017-10-08",-126,41,0.772361111111111,16.622499704361
"1183","2017-10-08",-125,41,25.9331944444444,16.8699996471405
"1184","2017-10-08",-126,42,0.512222222222222,16.4125001430511
"1185","2017-10-08",-125,42,192.536388888889,17.0499999523163
"1186","2017-10-08",-126,43,15.6854166666667,16.2850003242493
"1187","2017-10-08",-125,43,1461.75083333333,17.4900002479553
"1188","2017-10-08",-126,44,114.58,15.0750000476837
"1189","2017-10-08",-125,44,786.718888888889,17.0300002098083
"1190","2017-10-08",-126,45,19.3297222222222,13.4400000572205
"1191","2017-10-08",-125,45,291.977222222222,15.9150002002716
"1192","2017-10-08",-128,46,2.93875,12.5274996757507
"1193","2017-10-08",-126,46,16.1958333333333,12.6150002479553
"1194","2017-10-08",-125,46,396.812916666667,15.1100001335144
"1195","2017-10-08",-124,46,0.504305555555556,17.7350001335144
"1196","2017-10-08",-128,47,0.553611111111111,12.1724998950958
"1197","2017-10-08",-126,47,52.96,12.6950001716614
"1198","2017-10-08",-125,47,83.3608333333333,14.9700002670288
"1199","2017-10-08",-126,48,288.385694444444,13
"1200","2017-10-08",-125,48,9.64611111111111,14.9825000762939
"1201","2017-10-15",-120,32,25.2663888888889,26.0374999046326
"1202","2017-10-15",-119,32,18.9618055555556,25.6900000572205
"1203","2017-10-15",-121,33,1.79930555555556,25.7324995994568
"1204","2017-10-15",-120,33,21.8401388888889,25.4024996757507
"1205","2017-10-15",-119,33,39.0773611111111,25.0599999427795
"1206","2017-10-15",-118,33,25.2795833333333,24.6775002479553
"1207","2017-10-15",-122,34,11.7363888888889,25.460000038147
"1208","2017-10-15",-121,34,2.1625,25.0900001525879
"1209","2017-10-15",-120,34,13.5877777777778,24.7674999237061
"1210","2017-10-15",-119,34,1.69986111111111,24.4324998855591
"1211","2017-10-15",-122,35,111.271111111111,24.8100004196167
"1212","2017-10-15",-123,36,10.4583333333333,24.4250001907349
"1213","2017-10-15",-122,36,3.62777777777778,24.1600003242493
"1214","2017-10-15",-125,37,2.18541666666667,22.6500000953674
"1215","2017-10-15",-124,37,79.1284722222222,23.4700002670288
"1216","2017-10-15",-123,37,101.498055555556,23.7450003623962
"1217","2017-10-15",-125,38,1.71111111111111,21.6924996376038
"1218","2017-10-15",-124,38,32.3202777777778,22.602499961853
"1219","2017-10-15",-125,39,5.62916666666667,19.8499999046326
"1220","2017-10-15",-124,39,7.78305555555556,21.272500038147
"1221","2017-10-15",-126,41,14.0405555555556,15.5999999046326
"1222","2017-10-15",-125,41,170.412916666667,15.8724999427795
"1223","2017-10-15",-126,42,3.07,15.3500001430511
"1224","2017-10-15",-125,42,569.925972222222,16.0550003051758
"1225","2017-10-15",-126,43,16.5531944444444,15.2175002098083
"1226","2017-10-15",-125,43,908.979027777778,16.5350003242493
"1227","2017-10-15",-126,44,145.925,13.9574999809265
"1228","2017-10-15",-125,44,1002.37791666667,16.0649998188019
"1229","2017-10-15",-126,45,2.07180555555556,12.2599997520447
"1230","2017-10-15",-125,45,437.372222222222,14.9074997901917
"1231","2017-10-15",-126,46,17.4490277777778,11.4499998092651
"1232","2017-10-15",-125,46,286.951666666667,14.085000038147
"1233","2017-10-15",-124,46,1.72458333333333,16.877500295639
"1234","2017-10-15",-126,47,202.321111111111,11.5824999809265
"1235","2017-10-15",-125,47,174.025694444444,13.9599997997284
"1236","2017-10-15",-126,48,198.124722222222,11.8899998664856
"1237","2017-10-22",-119,32,0.14,25.1174998283386
"1238","2017-10-22",-121,33,3.11555555555556,25.2325005531311
"1239","2017-10-22",-120,33,1.60597222222222,24.8475003242493
"1240","2017-10-22",-119,33,15.8097222222222,24.4724998474121
"1241","2017-10-22",-118,33,1.94652777777778,24.0924997329712
"1242","2017-10-22",-121,34,10.8906944444444,24.5700006484985
"1243","2017-10-22",-120,34,5.74513888888889,24.1925005912781
"1244","2017-10-22",-119,34,37.9168055555556,23.8274998664856
"1245","2017-10-22",-122,35,101.14625,24.3125004768372
"1246","2017-10-22",-123,36,9.09819444444445,23.9125003814697
"1247","2017-10-22",-122,36,8.66736111111111,23.6375002861023
"1248","2017-10-22",-124,37,0.700277777777778,22.8949999809265
"1249","2017-10-22",-123,37,15.0720833333333,23.2074999809265
"1250","2017-10-22",-124,38,2.94013888888889,22.0024995803833
"1251","2017-10-22",-126,41,8.91888888888889,14.8699998855591
"1252","2017-10-22",-125,41,65.385,15.1399998664856
"1253","2017-10-22",-128,42,2.4725,15.4150002002716
"1254","2017-10-22",-126,42,60.7038888888889,14.6150000095367
"1255","2017-10-22",-125,42,1345.69902777778,15.3249998092651
"1256","2017-10-22",-126,43,13.6790277777778,14.397500038147
"1257","2017-10-22",-125,43,282.560416666667,15.7699999809265
"1258","2017-10-22",-126,44,36.6922222222222,12.9249999523163
"1259","2017-10-22",-125,44,656.281805555556,15.1924998760223
"1260","2017-10-22",-125,45,162.70125,13.8949999809265
"1261","2017-10-22",-126,46,0.600833333333333,10.0525000095367
"1262","2017-10-22",-125,46,75.7001388888889,12.9800002574921
"1263","2017-10-22",-124,46,0.555555555555556,16.0500001907349
"1264","2017-10-22",-126,47,92.1781944444444,10.1725001335144
"1265","2017-10-22",-125,47,24.3120833333333,12.8575003147125
"1266","2017-10-22",-126,48,83.0180555555555,10.5824999809265
"1267","2017-10-22",-123,49,0.337638888888889,15.0050001144409
"1268","2017-10-29",-119,32,1.66555555555556,24.4699993133545
"1269","2017-10-29",-120,33,1.51208333333333,24.1524996757507
"1270","2017-10-29",-119,33,31.7675,23.8199996948242
"1271","2017-10-29",-118,33,5.29222222222222,23.5025000572205
"1272","2017-10-29",-121,34,6.77541666666667,23.8524994850159
"1273","2017-10-29",-120,34,16.2644444444444,23.4949998855591
"1274","2017-10-29",-119,34,70.0684722222222,23.1700000762939
"1275","2017-10-29",-123,36,5.20902777777778,23.1825003623962
"1276","2017-10-29",-122,36,4.84833333333333,22.9050006866455
"1277","2017-10-29",-123,37,51.8347222222222,22.4749999046326
"1278","2017-10-29",-124,38,2.82875,21.2950000762939
"1279","2017-10-29",-125,39,3.75097222222222,18.4899997711182
"1280","2017-10-29",-124,39,4.49958333333333,19.9299998283386
"1281","2017-10-29",-125,40,4.11111111111111,15.9400000572205
"1282","2017-10-29",-126,41,6.04875,14.227499961853
"1283","2017-10-29",-125,41,178.095138888889,14.4625000953674
"1284","2017-10-29",-126,42,13.6840277777778,13.9749999046326
"1285","2017-10-29",-125,42,301.824166666667,14.6400001049042
"1286","2017-10-29",-126,43,10.1669444444444,13.7099997997284
"1287","2017-10-29",-125,43,790.056805555556,15.0475001335144
"1288","2017-10-29",-126,44,36.9677777777778,12.1149997711182
"1289","2017-10-29",-125,44,562.68375,14.4075000286102
"1290","2017-10-29",-125,45,562.361805555556,13.0474998950958
"1291","2017-10-29",-126,46,11.2206944444444,9.08500003814697
"1292","2017-10-29",-125,46,244.482083333333,12.1024997234344
"1293","2017-10-29",-126,47,314.219444444444,9.24749994277954
"1294","2017-10-29",-125,47,10.2088888888889,12.0049998760223
"1295","2017-10-29",-126,48,232.582361111111,9.70499992370605
"1296","2017-11-05",-120,33,0.861805555555555,23.397500038147
"1297","2017-11-05",-119,33,46.2381944444444,23.1500000953674
"1298","2017-11-05",-118,33,2.87708333333333,22.9349999427795
"1299","2017-11-05",-121,34,9.72541666666667,23.0724997520447
"1300","2017-11-05",-120,34,9.48972222222222,22.7649998664856
"1301","2017-11-05",-119,34,70.57625,22.5199999809265
"1302","2017-11-05",-123,36,6.30013888888889,22.4550004005432
"1303","2017-11-05",-122,36,3.95875,22.1600003242493
"1304","2017-11-05",-124,37,3.39875,21.5400004386902
"1305","2017-11-05",-123,37,72.9759722222222,21.7725005149841
"1306","2017-11-05",-124,38,8.97986111111111,20.6775002479553
"1307","2017-11-05",-125,40,23.86,15.5225002765656
"1308","2017-11-05",-125,41,20.3708333333333,14.1400001049042
"1309","2017-11-05",-125,42,59.6145833333333,14.3574998378754
"1310","2017-11-05",-125,43,295.074166666667,14.7300000190735
"1311","2017-11-05",-126,44,11.08125,11.875
"1312","2017-11-05",-125,44,195.736527777778,14.0775001049042
"1313","2017-11-05",-125,45,364.409444444444,12.7200000286102
"1314","2017-11-05",-126,46,6.20652777777778,8.84500002861023
"1315","2017-11-05",-125,46,255.283055555556,11.7999999523163
"1316","2017-11-05",-124,46,3.36458333333333,14.8550000190735
"1317","2017-11-05",-126,47,32.0134722222222,9.03999996185303
"1318","2017-11-05",-125,47,110.741111111111,11.7200000286102
"1319","2017-11-05",-126,48,131.237777777778,9.51999998092651
"1320","2017-11-05",-125,48,2.1775,11.8500001430511
"1321","2017-11-12",-119,32,12.5084722222222,23.2950000762939
"1322","2017-11-12",-120,33,1.77444444444444,22.8324999809265
"1323","2017-11-12",-119,33,45.98,22.6599998474121
"1324","2017-11-12",-121,34,6.19236111111111,22.4625000953674
"1325","2017-11-12",-120,34,77.0788888888889,22.1975002288818
"1326","2017-11-12",-119,34,40.0925,22.0250000953674
"1327","2017-11-12",-123,36,4.38930555555556,21.9000000953674
"1328","2017-11-12",-122,36,5.20458333333333,21.5500001907349
"1329","2017-11-12",-124,37,15.5608333333333,21.1275000572205
"1330","2017-11-12",-123,37,126.540138888889,21.2175002098083
"1331","2017-11-12",-124,38,4.07666666666667,20.2850003242493
"1332","2017-11-12",-125,40,6.83194444444444,15.6875
"1333","2017-11-12",-125,41,46.2329166666667,14.3550000190735
"1334","2017-11-12",-126,42,11.7018055555556,13.9275000095367
"1335","2017-11-12",-125,42,75.7759722222222,14.4425001144409
"1336","2017-11-12",-126,43,1.30888888888889,13.3875000476837
"1337","2017-11-12",-125,43,558.215833333333,14.5675003528595
"1338","2017-11-12",-125,44,78.3686111111111,13.6100001335144
"1339","2017-11-12",-125,45,41.3543055555556,11.9849998950958
"1340","2017-11-12",-126,46,0.408888888888889,7.56749987602234
"1341","2017-11-12",-125,46,144.871527777778,10.9175000190735
"1342","2017-11-12",-124,46,0.358055555555556,14.25
"1343","2017-11-12",-128,47,2.60194444444444,6.91500020027161
"1344","2017-11-12",-126,47,21.33875,7.79999995231628
"1345","2017-11-12",-126,48,28.6719444444444,8.50500011444092
"1346","2017-11-12",-125,48,4.23777777777778,11.1650002002716
"1347","2017-11-19",-119,32,78.6176388888889,22.6925001144409
"1348","2017-11-19",-121,33,0.351944444444444,22.289999961853
"1349","2017-11-19",-120,33,11.88875,22.125
"1350","2017-11-19",-119,33,95.6944444444445,22.0650000572205
"1351","2017-11-19",-118,33,34.5272222222222,22.0199999809265
"1352","2017-11-19",-121,34,12.7483333333333,21.6599998474121
"1353","2017-11-19",-120,34,57.1080555555556,21.4949998855591
"1354","2017-11-19",-119,34,15.2465277777778,21.4349999427795
"1355","2017-11-19",-123,36,5.78916666666667,21.0550003051758
"1356","2017-11-19",-122,36,9.97486111111111,20.7174997329712
"1357","2017-11-19",-124,37,29.3259722222222,20.3825001716614
"1358","2017-11-19",-123,37,305.627083333333,20.3925004005432
"1359","2017-11-19",-124,38,14.5301388888889,19.585000038147
"1360","2017-11-19",-125,41,26.52375,14.4100000858307
"1361","2017-11-19",-125,42,15.2270833333333,14.4100000858307
"1362","2017-11-19",-125,43,73.0711111111111,14.3000001907349
"1363","2017-11-19",-125,44,62.3243055555556,13.1025002002716
"1364","2017-11-19",-125,45,101.513194444444,11.3000000715256
"1365","2017-11-19",-126,46,1.41958333333333,6.59500014781952
"1366","2017-11-19",-125,46,182.883333333333,10.125
"1367","2017-11-19",-124,46,0.580833333333333,13.5574998855591
"1368","2017-11-19",-126,47,87.3615277777778,6.80000007152557
"1369","2017-11-19",-125,47,9.16555555555555,10.1200000047684
"1370","2017-11-19",-126,48,1.89319444444444,7.6599999666214
"1371","2017-11-26",-119,32,79.0726388888889,22.0650000572205
"1372","2017-11-26",-120,33,24.3681944444444,21.4275002479553
"1373","2017-11-26",-119,33,68.5441666666667,21.4475002288818
"1374","2017-11-26",-118,33,0.212638888888889,21.4825000762939
"1375","2017-11-26",-120,34,13.2613888888889,20.8125004768372
"1376","2017-11-26",-119,34,44.0994444444444,20.8275003433228
"1377","2017-11-26",-123,36,8.43166666666667,20.1750001907349
"1378","2017-11-26",-122,36,5.91263888888889,19.9175000190735
"1379","2017-11-26",-124,37,29.5466666666667,19.3625001907349
"1380","2017-11-26",-123,37,118.941805555556,19.5250000953674
"1381","2017-11-26",-124,38,6.0525,18.5700001716614
"1382","2017-11-26",-125,41,37.3676388888889,13.2249999046326
"1383","2017-11-26",-125,42,19.7404166666667,13.2849998474121
"1384","2017-11-26",-125,43,48.3311111111111,13.2174999713898
"1385","2017-11-26",-125,44,52.5231944444444,12
"1386","2017-11-26",-125,45,43.6918055555556,10.1175000667572
"1387","2017-11-26",-125,46,12.4291666666667,8.90500009059906
"1388","2017-11-26",-124,46,0.154722222222222,12.6975002288818
"1389","2017-11-26",-126,47,164.231111111111,5.32499998807907
"1390","2017-11-26",-125,47,14.7173611111111,8.96999990940094
"1391","2017-11-26",-126,48,4.19472222222222,6.34499990940094
"1392","2017-11-26",-125,48,26.1222222222222,9.47499990463257
"1393","2017-12-03",-120,32,7.22027777777778,21.2400002479553
"1394","2017-12-03",-120,33,34.6680555555556,20.6425004005432
"1395","2017-12-03",-119,33,49.2976388888889,20.664999961853
"1396","2017-12-03",-118,33,1.09666666666667,20.7474999427795
"1397","2017-12-03",-120,34,5.0625,20.0450000762939
"1398","2017-12-03",-119,34,23.0715277777778,20.0649995803833
"1399","2017-12-03",-123,36,0.541666666666667,19.4599995613098
"1400","2017-12-03",-124,37,22.7597222222222,18.647500038147
"1401","2017-12-03",-123,37,203.244166666667,18.8299999237061
"1402","2017-12-03",-124,38,13.4459722222222,17.8750004768372
"1403","2017-12-03",-126,40,8.22513888888889,13.5799999237061
"1404","2017-12-03",-125,40,26.3651388888889,13.7574999332428
"1405","2017-12-03",-125,41,17.55125,12.7074997425079
"1406","2017-12-03",-125,42,77.8980555555556,12.7324998378754
"1407","2017-12-03",-125,43,122.052638888889,12.5824999809265
"1408","2017-12-03",-127,44,1.66263888888889,7.31250011920929
"1409","2017-12-03",-126,44,12.3870833333333,8.29750001430511
"1410","2017-12-03",-125,44,65.7069444444444,11.2074999809265
"1411","2017-12-03",-127,45,8.68736111111111,3.80750000476837
"1412","2017-12-03",-125,45,261.154166666667,9.11999988555908
"1413","2017-12-03",-126,46,15.2208333333333,3.39750000834465
"1414","2017-12-03",-125,46,278.779722222222,7.80999994277954
"1415","2017-12-03",-124,46,1.80263888888889,12.0774998664856
"1416","2017-12-03",-126,47,57.6109722222222,3.79500004649162
"1417","2017-12-03",-125,47,104.903194444444,7.97749996185303
"1418","2017-12-03",-126,48,7.35736111111111,5.07249999046326
"1419","2017-12-03",-125,48,6.06583333333333,8.6800000667572
"1420","2017-12-03",-123,49,0.167083333333333,11.4724998474121
"1421","2017-12-10",-120,32,1.28694444444444,20.2799997329712
"1422","2017-12-10",-119,32,7.01305555555555,20.3375000953674
"1423","2017-12-10",-123,33,2.50680555555556,20.5499997138977
"1424","2017-12-10",-120,33,80.28625,19.710000038147
"1425","2017-12-10",-119,33,67.9693055555556,19.7625002861023
"1426","2017-12-10",-118,33,16.4047222222222,19.9350004196167
"1427","2017-12-10",-121,34,4.55152777777778,19.2675004005432
"1428","2017-12-10",-120,34,3.6925,19.1400003433228
"1429","2017-12-10",-119,34,50.7870833333333,19.1875
"1430","2017-12-10",-123,36,7.97347222222222,18.7299995422363
"1431","2017-12-10",-122,36,5.19430555555556,18.4124999046326
"1432","2017-12-10",-124,37,35.7743055555556,17.9825000762939
"1433","2017-12-10",-123,37,314.663888888889,18.1199994087219
"1434","2017-12-10",-124,38,29.8254166666667,17.2350001335144
"1435","2017-12-10",-125,41,94.8013888888889,12.2774999141693
"1436","2017-12-10",-125,42,17.5445833333333,12.3624999523163
"1437","2017-12-10",-125,43,76.0618055555556,12.1924998760223
"1438","2017-12-10",-126,44,2.10777777777778,7.89749979972839
"1439","2017-12-10",-125,44,146.57625,10.7724997997284
"1440","2017-12-10",-125,45,257.945694444444,8.6399998664856
"1441","2017-12-10",-126,46,33.9569444444444,2.81499996781349
"1442","2017-12-10",-125,46,281.9325,7.29999989271164
"1443","2017-12-10",-124,46,1.18736111111111,11.6049997806549
"1444","2017-12-10",-126,47,19.1363888888889,3.21999996900558
"1445","2017-12-10",-125,47,86.5977777777778,7.48499995470047
"1446","2017-12-10",-126,48,86.7145833333333,4.57499992847443
"1447","2017-12-10",-123,49,3.95111111111111,11.0274999141693
"1448","2017-12-17",-119,32,17.8780555555556,19.9524998664856
"1449","2017-12-17",-120,33,138.227222222222,19.3100004196167
"1450","2017-12-17",-119,33,74.1913888888889,19.3875002861023
"1451","2017-12-17",-118,33,1.61916666666667,19.5699996948242
"1452","2017-12-17",-124,34,0.310555555555556,19.4149994850159
"1453","2017-12-17",-121,34,31.1206944444444,18.8299999237061
"1454","2017-12-17",-120,34,15.7863888888889,18.75
"1455","2017-12-17",-119,34,2.78458333333333,18.8225002288818
"1456","2017-12-17",-123,36,4.93152777777778,18.1900000572205
"1457","2017-12-17",-122,36,6.75180555555556,17.9375
"1458","2017-12-17",-125,37,3.37958333333333,16.6524999141693
"1459","2017-12-17",-124,37,36.1486111111111,17.4449996948242
"1460","2017-12-17",-123,37,194.715833333333,17.5999994277954
"1461","2017-12-17",-124,38,40.0822222222222,16.7200000286102
"1462","2017-12-17",-125,40,5.84402777777778,12.8424999713898
"1463","2017-12-17",-125,41,76.94875,11.8699998855591
"1464","2017-12-17",-125,42,44.45125,11.9374997615814
"1465","2017-12-17",-125,43,94.42875,11.7624998092651
"1466","2017-12-17",-125,44,67.0973611111111,10.3499999046326
"1467","2017-12-17",-125,45,78.5911111111111,8.23249989748001
"1468","2017-12-17",-125,46,113.620833333333,6.91499996185303
"1469","2017-12-17",-124,46,0.160416666666667,11.1924998760223
"1470","2017-12-17",-126,47,13.2081944444444,2.90999998152256
"1471","2017-12-17",-125,47,46.4773611111111,7.12250000238419
"1472","2017-12-17",-126,48,39.1284722222222,4.27750000357628
"1473","2017-12-17",-125,48,13.7851388888889,7.89250004291534
"1474","2017-12-24",-119,32,57.1933333333333,19.972499370575
"1475","2017-12-24",-120,33,38.8644444444444,19.3999996185303
"1476","2017-12-24",-119,33,34.23625,19.4074997901917
"1477","2017-12-24",-118,33,0.3725,19.5100002288818
"1478","2017-12-24",-123,36,7.81972222222222,18.25
"1479","2017-12-24",-122,36,6.36013888888889,18.0549998283386
"1480","2017-12-24",-124,37,17.7980555555556,17.335000038147
"1481","2017-12-24",-123,37,104.363888888889,17.6499996185303
"1482","2017-12-24",-125,41,1.24555555555556,11.2224998474121
"1483","2017-12-24",-125,42,5.58888888888889,11.3074998855591
"1484","2017-12-24",-125,43,50.3918055555556,11.2225000858307
"1485","2017-12-24",-125,44,29.6204166666667,9.79750001430511
"1486","2017-12-24",-125,45,53.6565277777778,7.56749981641769
"1487","2017-12-24",-125,46,103.185972222222,6.19999986886978
"1488","2017-12-24",-125,47,13.9486111111111,6.48999989032745
"1489","2017-12-24",-126,48,65.5969444444444,3.36999998986721
"1490","2017-12-24",-125,48,33.1075,7.38999998569489
"1491","2017-12-31",-119,32,21.0263888888889,19.7425003051758
"1492","2017-12-31",-120,33,37.9997222222222,19.0974998474121
"1493","2017-12-31",-119,33,39.3840277777778,19.1849999427795
"1494","2017-12-31",-118,33,10.0341666666667,19.3225002288818
"1495","2017-12-31",-121,34,5.02486111111111,18.5599999427795
"1496","2017-12-31",-120,34,0.182777777777778,18.5425000190735
"1497","2017-12-31",-119,34,1.11111111111111,18.6224999427795
"1498","2017-12-31",-123,36,3.23847222222222,17.6875
"1499","2017-12-31",-122,36,5.48972222222222,17.5774998664856
"1500","2017-12-31",-124,37,28.8895833333333,16.8049998283386
"1501","2017-12-31",-123,37,146.512916666667,17.1099996566772
"1502","2017-12-31",-124,38,18.2626388888889,16.0949997901917
"1503","2017-12-31",-125,42,10.2570833333333,10.8499999046326
"1504","2017-12-31",-125,43,32.2213888888889,10.7050001621246
"1505","2017-12-31",-125,44,2.10305555555556,9.23750019073486
"1506","2017-12-31",-125,45,16.8051388888889,6.9750000834465
"1507","2017-12-31",-125,46,27.3331944444444,5.62999999523163
"1508","2017-12-31",-125,47,4.19055555555556,5.99999994039536
"1509","2017-12-31",-126,48,11.98,2.88000003248453
"1510","2017-12-31",-125,48,6.42736111111111,6.9575001001358
